-- phpMyAdmin SQL Dump
-- version 4.9.2
-- https://www.phpmyadmin.net/
--
-- Host: 127.0.0.1
-- Generation Time: Jan 03, 2024 at 10:31 AM
-- Server version: 10.4.11-MariaDB
-- PHP Version: 7.2.26

SET SQL_MODE = "NO_AUTO_VALUE_ON_ZERO";
SET AUTOCOMMIT = 0;
START TRANSACTION;
SET time_zone = "+00:00";


/*!40101 SET @OLD_CHARACTER_SET_CLIENT=@@CHARACTER_SET_CLIENT */;
/*!40101 SET @OLD_CHARACTER_SET_RESULTS=@@CHARACTER_SET_RESULTS */;
/*!40101 SET @OLD_COLLATION_CONNECTION=@@COLLATION_CONNECTION */;
/*!40101 SET NAMES utf8mb4 */;

--
-- Database: `druti`
--

-- --------------------------------------------------------

--
-- Table structure for table `booking_type`
--

CREATE TABLE `booking_type` (
  `bookingtypeid` varchar(50) NOT NULL,
  `bookingtype` varchar(50) NOT NULL
) ENGINE=InnoDB DEFAULT CHARSET=utf8mb4;

--
-- Dumping data for table `booking_type`
--

INSERT INTO `booking_type` (`bookingtypeid`, `bookingtype`) VALUES
('20230605051913', 'Main'),
('20230605053922', 'Additional');

-- --------------------------------------------------------

--
-- Table structure for table `border`
--

CREATE TABLE `border` (
  `orderid` varchar(50) NOT NULL,
  `ordername` varchar(50) NOT NULL,
  `jobnoid` varchar(50) NOT NULL,
  `styleid` varchar(50) NOT NULL,
  `buyerid` varchar(50) NOT NULL,
  `orderstatus` int(11) NOT NULL
) ENGINE=InnoDB DEFAULT CHARSET=utf8mb4;

--
-- Dumping data for table `border`
--

INSERT INTO `border` (`orderid`, `ordername`, `jobnoid`, `styleid`, `buyerid`, `orderstatus`) VALUES
('20231108115406', '62R Buchebio M-43', '20231108113824', '20231108114247', '20231108113422', 1),
('20231113114948', 'PAVE', '20231113114602', '20231113114721', '20231113114414', 1),
('20231114113024', 'CHARLINE', '20231114112057', '20231114112851', '20231108113422', 1),
('20231115053130', '5291256', '20231115052835', '20231115052954', '20231115052608', 1),
('20231115055936', '5395663', '20231115055618', '20231115055837', '20231115052608', 1),
('20231115062428', '60-R-BARBAREBIO', '20231115062104', '20231115062252', '20231108113422', 1),
('20231115064126', 'PAVE', '20231115063656', '20231115064014', '20231113114414', 1),
('20231115070344', '62-BETABIO', '20231115070002', '20231115070246', '20231108113422', 1),
('20231115074911', '412450', '20231115074619', '20231115074753', '20231115064811', 1),
('20231115080310', '412452', '20231115075726', '20231115080152', '20231115064811', 1),
('20231115082957', '412451', '20231115081026', '20231115081144', '20231115064811', 1),
('20231115084159', 'CC412451', '20231115081026', '20231115081144', '20231115064811', 1),
('20231115084331', 'CC412451', '20231115081026', '20231115084110', '20231115064811', 1),
('20231115094549', '3241-739', '20231115094332', '20231115094440', '20231115065422', 1),
('20231115101247', 'DAPHNE', '20231115101017', '20231115101124', '20231108113422', 1),
('20231115102003', 'DAPHNE', '20231115101757', '20231115101919', '20231108113422', 1),
('20231115103248', 'UKBDYPIRU4S.YD', '20231115102842', '20231115103100', '20231115065348', 1),
('20231115104118', '32-DACHETTE', '20231115103823', '20231115103950', '20231108113422', 1),
('20231115120012', '60-R-BARBAREBIO.YD', '20231115062104', '20231115115840', '20231108113422', 1),
('20231115120902', '62-R-BUCHEBIO.YD', '20231115120625', '20231115120759', '20231108113422', 1),
('20231115130221', 'CAYA.YD', '20231115125954', '20231115130110', '20231108113422', 1),
('20231115131306', '32-B-MULTICO.YD', '20231115130834', '20231115131057', '20231108113422', 1),
('20231115142823', 'MANOR', '20231115142509', '20231115142655', '20231108113422', 1),
('20231116034602', '412453', '20231116033742', '20231116034201', '20231115064811', 1),
('20231116035719', '412453', '20231116035427', '20231116035554', '20231115064811', 1),
('20231116043936', '22ZO2335AFU', '20231116043638', '20231116043817', '20231115064930', 1),
('20231116050615', 'DAPHNE', '20231116050209', '20231116050349', '20231108113422', 1),
('20231116065912', 'DAPHNE', '20231116065634', '20231116065809', '20231108113422', 1),
('20231116072347', 'BMUSIQUE.YD', '20231116072123', '20231116072302', '20231113114414', 1),
('20231116113505', 'DABORD', '20231116113237', '20231116113359', '20231108113422', 1),
('20231116115013', '48ZO2556GP', '20231116114439', '20231116114853', '20231115064930', 1),
('20231116115915', '32-DACHELTTE', '20231115103823', '20231115103950', '20231108113422', 1),
('20231116144245', 'AMELIE', '20231116143840', '20231116144031', '20231108113422', 1),
('20231116145903', '60-CORDEBIO.YD', '20231116145607', '20231116145800', '20231108113422', 1),
('20231116152220', 'GINETTENABIS', '20231116151552', '20231116152050', '20231108113422', 1),
('20231117040641', 'MANOR', '20231117040329', '20231117040512', '20231108113422', 1),
('20231117042705', '32-DACHELETTEC', '20231117042123', '20231117042542', '20231108113422', 1),
('20231117063858', 'PAVEL', '20231117063607', '20231117063733', '20231113114414', 1),
('20231117064613', 'PAVEL', '20231117064345', '20231117064508', '20231113114414', 1),
('20231117065444', '48ZO2556B2GP', '20231117065145', '20231117065331', '20231115064930', 1),
('20231117071056', 'PAVEL', '20231117070752', '20231117070911', '20231113114414', 1),
('20231117075910', 'ALEX', '20231117075753', '20231117075837', '20231117075205', 1),
('20231117095620', 'SC3X-ASTROS', '20231117081605', '20231117095501', '20231117080854', 1),
('20231117102737', 'DAPHNE', '20231117102454', '20231117102622', '20231108113422', 1),
('20231118034832', '62-R-BUCHE BIO M', '20231118034545', '20231118034653', '20231108113422', 1),
('20231118041038', '60-MARTIN.YD', '20231118040759', '20231118040942', '20231108113422', 1),
('20231118061757', 'DAPHNE', '20231118061406', '20231118061538', '20231108113422', 1),
('20231118132135', '48ZO2556B3GP', '20231118131010', '20231118132012', '20231115064930', 1),
('20231118133052', 'GINETTE', '20231118132836', '20231118132953', '20231108113422', 1),
('20231119045326', '60-R-BUCHE BIO M', '20231118034545', '20231118034653', '20231108113422', 1),
('20231119101542', 'BMUSIQUE', '20231116072123', '20231119101451', '20231113114414', 1),
('20231119103844', '62-BETABIO', '20231119103239', '20231119103424', '20231108113422', 1),
('20231119104648', '48ZO2556C', '20231119104405', '20231119104535', '20231115064930', 1),
('20231119144723', 'DAPHNE-GABRIELLE', '20231119144423', '20231119144614', '20231108113422', 1),
('20231120034232', 'JACOPO', '20231120033832', '20231120034100', '20231113114414', 1),
('20231120040931', 'JACOPO', '20231120040617', '20231120040823', '20231113114414', 1),
('20231120041733', 'JACOPO', '20231120041503', '20231120041617', '20231113114414', 1),
('20231120053415', 'JACOPO', '20231120053146', '20231120053317', '20231113114414', 1),
('20231120093910', '43-DANAIDES', '20231120092932', '20231120093631', '20231108113422', 1),
('20231120104933', 'SS24MOW181', '20231120104526', '20231120104705', '20231115065800', 1),
('20231120105743', 'SS24MOW181', '20231120105418', '20231120105643', '20231115065800', 1),
('20231120132644', 'SS24MOW019', '20231120132402', '20231120132539', '20231115065800', 1),
('20231121040354', 'DAPHNE', '20231121035857', '20231121040030', '20231108113422', 1),
('20231121041035', 'DAPHNE', '20231121040816', '20231121040922', '20231108113422', 1),
('20231121042238', 'PAVEL', '20231121041834', '20231121042137', '20231113114414', 1),
('20231121063011', '32DALOUAF', '20231121062522', '20231121062816', '20231108113422', 1),
('20231121064752', '32-DEBUSSYESCA', '20231121064114', '20231121064419', '20231108113422', 1),
('20231121070228', 'PLOUISETTEM-35', '20231121065636', '20231121070006', '20231108113422', 1),
('20231121103039', 'CO2402ST02', '20231121102825', '20231121102942', '20231121102719', 1),
('20231121112603', 'CO2402ST79', '20231121102825', '20231121112459', '20231121102719', 1),
('20231121113610', 'C02402ST83', '20231121102825', '20231121113456', '20231121102719', 1),
('20231121122103', 'NIELS', '20231121121750', '20231121121939', '20231113114414', 1),
('20231121131218', '60MARTINBIO-SOLIT', '20231121130740', '20231121131024', '20231108113422', 1),
('20231122041636', 'CC-412450', '20231122041518', '20231122041553', '20231115064811', 1),
('20231122044224', 'NIELS', '20231122043901', '20231122044123', '20231113114414', 1),
('20231122045127', '412450', '20231122044917', '20231122045027', '20231115064811', 1),
('20231122045718', '412452', '20231122045437', '20231122045619', '20231115064811', 1),
('20231122050704', '412451', '20231122050107', '20231122050338', '20231115064811', 1),
('20231122112812', 'GINETTE', '20231122112547', '20231122112705', '20231108113422', 1),
('20231123073553', '02402STO1', '20231121102825', '20231123073450', '20231121102719', 1),
('20231123104848', '1202556AGP', '20231123104541', '20231123104735', '20231115064930', 1),
('20231123122125', 'CHATEAU', '20231123121847', '20231123122021', '20231108113422', 1),
('20231123123456', '02402S2T91', '20231123123303', '20231123123359', '20231121102719', 1),
('20231124121855', 'PIERRETTE', '20231124121551', '20231124121756', '20231113114414', 1),
('20231124122514', 'PIERRETTE', '20231124122154', '20231124122356', '20231113114414', 1),
('20231124123237', 'PIERRETTE', '20231124123001', '20231124123140', '20231113114414', 1);

-- --------------------------------------------------------

--
-- Table structure for table `buyer`
--

CREATE TABLE `buyer` (
  `buyerid` varchar(50) NOT NULL,
  `buyername` varchar(20) NOT NULL
) ENGINE=InnoDB DEFAULT CHARSET=utf8mb4;

--
-- Dumping data for table `buyer`
--

INSERT INTO `buyer` (`buyerid`, `buyername`) VALUES
('20231108113422', 'MONOPRIX'),
('20231112105527', 'ZARA'),
('20231113114414', 'TAO'),
('20231115052608', 'DUNNES'),
('20231115064811', 'TESCO'),
('20231115064858', 'E-CLASSIC'),
('20231115064914', 'ENGEL'),
('20231115064930', 'AUTHENTIC'),
('20231115065348', 'LC WAIKIKI'),
('20231115065422', 'PULL&BEAR'),
('20231115065742', 'NEXT'),
('20231115065800', 'PEPCO'),
('20231115094230', 'PULL$BEAR'),
('20231117075205', 'POP'),
('20231117080854', 'OUTER STAFF'),
('20231121102719', 'B-HEIM');

-- --------------------------------------------------------

--
-- Table structure for table `challanm1_insert`
--

CREATE TABLE `challanm1_insert` (
  `chmid` varchar(50) NOT NULL,
  `sfactoryid` varchar(50) NOT NULL,
  `challanno` varchar(50) NOT NULL,
  `ptid` int(11) NOT NULL,
  `ctid` int(11) NOT NULL,
  `dfactoryid` varchar(50) NOT NULL,
  `buyerid` varchar(50) NOT NULL,
  `jobnoid` varchar(50) NOT NULL,
  `styleid` varchar(50) NOT NULL,
  `orderid` varchar(50) NOT NULL,
  `userid` varchar(50) NOT NULL,
  `crcdate` date NOT NULL,
  `cmonth` varchar(15) NOT NULL,
  `cyear` varchar(15) NOT NULL,
  `sdate` date NOT NULL,
  `stime` time NOT NULL,
  `rdate` date NOT NULL,
  `rtime` time NOT NULL,
  `status` int(11) NOT NULL,
  `challanm1status` int(11) NOT NULL
) ENGINE=InnoDB DEFAULT CHARSET=utf8mb4;

--
-- Dumping data for table `challanm1_insert`
--

INSERT INTO `challanm1_insert` (`chmid`, `sfactoryid`, `challanno`, `ptid`, `ctid`, `dfactoryid`, `buyerid`, `jobnoid`, `styleid`, `orderid`, `userid`, `crcdate`, `cmonth`, `cyear`, `sdate`, `stime`, `rdate`, `rtime`, `status`, `challanm1status`) VALUES
('20231113170030', 'AKL', '1000', 1, 1, 'BPL', '20231113114414', '20231113114602', '20231113114721', '20231113114948', 'AKLCUTTING', '2023-11-13', 'November', '2023', '2023-11-13', '17:00:30', '2023-11-14', '10:49:22', 3, 0),
('20231115085615', 'BPL', '96269', 1, 1, 'AKL', '20231108113422', '20231114112057', '20231114112851', '20231114113024', 'BPLPRINT', '2023-11-15', 'November', '2023', '2023-11-15', '08:56:15', '2023-11-16', '18:31:45', 3, 0),
('20231115104408', 'AKL', '72797', 1, 1, 'BPL', '20231115052608', '20231115052835', '20231115052954', '20231115053130', 'AKLCUTTING', '2023-11-15', 'November', '2023', '2023-11-15', '10:44:08', '2023-11-15', '13:07:11', 3, 0),
('20231115105520', 'AKL', '72798', 1, 1, 'BPL', '20231115052608', '20231115052835', '20231115052954', '20231115053130', 'AKLCUTTING', '2023-11-15', 'November', '2023', '2023-11-15', '10:55:20', '0000-00-00', '00:00:00', 1, 0),
('20231115105521', 'AKL', '72798', 1, 1, 'BPL', '20231115052608', '20231115052835', '20231115052954', '20231115053130', 'AKLCUTTING', '2023-11-15', 'November', '2023', '2023-11-15', '10:55:21', '2023-11-15', '13:08:07', 3, 0),
('20231115110348', 'AKL', '72786', 1, 1, 'BPL', '20231115052608', '20231115055618', '20231115055837', '20231115055936', 'AKLCUTTING', '2023-11-15', 'November', '2023', '2023-11-15', '11:03:48', '2023-11-15', '13:00:42', 3, 0),
('20231115110751', 'AKL', '72787', 1, 1, 'BPL', '20231115052608', '20231115055618', '20231115055837', '20231115055936', 'AKLCUTTING', '2023-11-15', 'November', '2023', '2023-11-15', '11:07:51', '2023-11-15', '13:03:01', 3, 0),
('20231115111053', 'AKL', '72788', 1, 1, 'BPL', '20231115052608', '20231115055618', '20231115055837', '20231115055936', 'AKLCUTTING', '2023-11-15', 'November', '2023', '2023-11-15', '11:10:53', '2023-11-15', '13:04:22', 3, 0),
('20231115111416', 'AKL', '72785', 1, 1, 'BPL', '20231115052608', '20231115055618', '20231115055837', '20231115055936', 'AKLCUTTING', '2023-11-15', 'November', '2023', '2023-11-15', '11:14:16', '0000-00-00', '00:00:00', 1, 0),
('20231115111417', 'AKL', '72785', 1, 1, 'BPL', '20231115052608', '20231115055618', '20231115055837', '20231115055936', 'AKLCUTTING', '2023-11-15', 'November', '2023', '2023-11-15', '11:14:17', '2023-11-15', '13:05:43', 3, 0),
('20231115114551', 'AKL', '72805', 1, 1, 'BPL', '20231113114414', '20231115063656', '20231115064014', '20231115064126', 'AKLCUTTING', '2023-11-15', 'November', '2023', '2023-11-15', '11:45:51', '2023-11-15', '16:04:55', 3, 0),
('20231115121301', 'AKL', '55877', 1, 1, 'BPL', '20231108113422', '20231115070002', '20231115070246', '20231115070344', 'AKLCUTTING', '2023-11-15', 'November', '2023', '2023-11-15', '12:13:01', '2023-11-15', '14:39:26', 3, 0),
('20231115121419', 'AKL', '55878', 1, 1, 'BPL', '20231108113422', '20231115070002', '20231115070246', '20231115070344', 'AKLCUTTING', '2023-11-15', 'November', '2023', '2023-11-15', '12:14:19', '2023-11-15', '14:52:09', 3, 0),
('20231115121557', 'AKL', '55876', 1, 1, 'BPL', '20231108113422', '20231115070002', '20231115070246', '20231115070344', 'AKLCUTTING', '2023-11-15', 'November', '2023', '2023-11-15', '12:15:57', '0000-00-00', '00:00:00', 1, 0),
('20231115121558', 'AKL', '55876', 1, 1, 'BPL', '20231108113422', '20231115070002', '20231115070246', '20231115070344', 'AKLCUTTING', '2023-11-15', 'November', '2023', '2023-11-15', '12:15:58', '2023-11-15', '14:15:47', 3, 0),
('20231115125512', 'AKL', '72804', 1, 1, 'BPL', '20231115064811', '20231115074619', '20231115074753', '20231115074911', 'AKLCUTTING', '2023-11-15', 'November', '2023', '2023-11-15', '12:55:12', '2023-11-15', '14:36:46', 3, 0),
('20231115130936', 'AKL', '72803', 1, 1, 'BPL', '20231115064811', '20231115075726', '20231115080152', '20231115080310', 'AKLCUTTING', '2023-11-15', 'November', '2023', '2023-11-15', '13:09:36', '2023-11-15', '14:11:26', 3, 0),
('20231115134620', 'AKL', '72802', 1, 1, 'BPL', '20231115064811', '20231115081026', '20231115084110', '20231115084331', 'AKLCUTTING', '2023-11-15', 'November', '2023', '2023-11-15', '13:46:20', '2023-11-15', '14:09:27', 3, 0),
('20231115150750', 'AKL', '55881', 1, 1, 'BPL', '20231115065422', '20231115094332', '20231115094440', '20231115094549', 'AKLCUTTING', '2023-11-15', 'November', '2023', '2023-11-15', '15:07:50', '2023-11-15', '15:57:59', 3, 0),
('20231115151704', 'AKL', '55880', 1, 1, 'BPL', '20231108113422', '20231115101017', '20231115101124', '20231115101247', 'AKLCUTTING', '2023-11-15', 'November', '2023', '2023-11-15', '15:17:04', '2023-11-16', '12:02:37', 3, 0),
('20231115152252', 'AKL', '55879', 1, 1, 'BPL', '20231108113422', '20231115101757', '20231115101919', '20231115102003', 'AKLCUTTING', '2023-11-15', 'November', '2023', '2023-11-15', '15:22:52', '0000-00-00', '00:00:00', 2, 0),
('20231115153639', 'AKL', '72806', 1, 1, 'BPL', '20231115065348', '20231115102842', '20231115103100', '20231115103248', 'AKLCUTTING', '2023-11-15', 'November', '2023', '2023-11-15', '15:36:39', '2023-11-15', '20:02:38', 3, 0),
('20231115154507', 'AKL', '55882', 1, 1, 'BPL', '20231108113422', '20231115103823', '20231115103950', '20231115104118', 'AKLCUTTING', '2023-11-15', 'November', '2023', '2023-11-15', '15:45:07', '2023-11-15', '18:08:14', 3, 0),
('20231115154637', 'AKL', '55882', 3, 1, 'JEL', '20231108113422', '20231115103823', '20231115103950', '20231115104118', 'AKLCUTTING', '2023-11-15', 'November', '2023', '2023-11-15', '15:46:37', '2023-11-15', '18:25:52', 3, 0),
('20231115161306', 'AKL', '72808', 1, 1, 'BPL', '20231113114414', '20231115063656', '20231115064014', '20231115064126', 'AKLCUTTING', '2023-11-15', 'November', '2023', '2023-11-15', '16:13:06', '2023-11-16', '10:11:45', 3, 0),
('20231115161507', 'AKL', '72807', 1, 1, 'BPL', '20231113114414', '20231113114602', '20231113114721', '20231113114948', 'AKLCUTTING', '2023-11-15', 'November', '2023', '2023-11-15', '16:15:07', '2023-11-15', '20:03:04', 3, 0),
('20231115170357', 'AKL', '213210', 1, 1, 'BPL', '20231108113422', '20231115062104', '20231115115840', '20231115120012', 'AKLCUTTING', '2023-11-15', 'November', '2023', '2023-11-15', '17:03:57', '2023-11-15', '18:06:44', 3, 0),
('20231115171230', 'AKL', '213216', 1, 1, 'BPL', '20231108113422', '20231115120625', '20231115120759', '20231115120902', 'AKLCUTTING', '2023-11-15', 'November', '2023', '2023-11-15', '17:12:30', '2023-11-15', '18:04:08', 3, 0),
('20231115171811', 'AKL', '213217', 1, 1, 'BPL', '20231108113422', '20231115062104', '20231115115840', '20231115120012', 'AKLCUTTING', '2023-11-15', 'November', '2023', '2023-11-15', '17:18:11', '2023-11-15', '18:02:57', 3, 0),
('20231115190939', 'AKL', '213218', 1, 1, 'BPL', '20231108113422', '20231115125954', '20231115130110', '20231115130221', 'AKLCUTTING', '2023-11-15', 'November', '2023', '2023-11-15', '19:09:39', '2023-11-15', '20:03:37', 3, 0),
('20231115191117', 'AKL', '213219', 1, 1, 'BPL', '20231108113422', '20231115062104', '20231115062252', '20231115062428', 'AKLCUTTING', '2023-11-15', 'November', '2023', '2023-11-15', '19:11:17', '2023-11-15', '20:04:46', 3, 0),
('20231115191249', 'AKL', '213220', 1, 1, 'BPL', '20231108113422', '20231115130834', '20231115131057', '20231115131306', 'AKLCUTTING', '2023-11-15', 'November', '2023', '2023-11-15', '19:12:49', '2023-11-15', '20:04:08', 3, 0),
('20231115191402', 'AKL', '213220', 1, 1, 'BPL', '20231108113422', '20231115130834', '20231115131057', '20231115131306', 'AKLCUTTING', '2023-11-15', 'November', '2023', '2023-11-15', '19:14:02', '2023-11-18', '11:00:25', 3, 0),
('20231115193238', 'AKL', '55883', 1, 1, 'BPL', '20231108113422', '20231115142509', '20231115142655', '20231115142823', 'AKLCUTTING', '2023-11-15', 'November', '2023', '2023-11-15', '19:32:38', '2023-11-15', '20:01:53', 3, 0),
('20231116083322', 'AKL', '213221', 1, 1, 'BPL', '20231108113422', '20231115062104', '20231115062252', '20231115062428', 'AKLCUTTING', '2023-11-16', 'November', '2023', '2023-11-16', '08:33:22', '2023-11-16', '10:09:10', 3, 0),
('20231116083506', 'AKL', '213222', 1, 1, 'BPL', '20231108113422', '20231115130834', '20231115131057', '20231115131306', 'AKLCUTTING', '2023-11-16', 'November', '2023', '2023-11-16', '08:35:06', '2023-11-16', '10:10:37', 3, 0),
('20231116085037', 'AKL', '72809', 1, 1, 'BPL', '20231115064811', '20231116033742', '20231116034201', '20231116034602', 'AKLCUTTING', '2023-11-16', 'November', '2023', '2023-11-16', '08:50:37', '2023-11-16', '10:11:10', 3, 0),
('20231116094604', 'AKL', '55887', 3, 1, 'JEL', '20231115064930', '20231116043638', '20231116043817', '20231116043936', 'AKLCUTTING', '2023-11-16', 'November', '2023', '2023-11-16', '09:46:04', '2023-11-17', '11:09:18', 3, 0),
('20231116094758', 'AKL', '55886', 3, 1, 'JEL', '20231115064930', '20231116043638', '20231116043817', '20231116043936', 'AKLCUTTING', '2023-11-16', 'November', '2023', '2023-11-16', '09:47:58', '0000-00-00', '00:00:00', 1, 0),
('20231116095336', 'AKL', '55886', 3, 1, 'JEL', '20231115064930', '20231116043638', '20231116043817', '20231116043936', 'AKLCUTTING', '2023-11-16', 'November', '2023', '2023-11-16', '09:53:36', '2023-11-17', '11:09:07', 3, 0),
('20231116095734', 'AKL', '55884', 1, 1, 'BPL', '20231108113422', '20231115103823', '20231115103950', '20231115104118', 'AKLCUTTING', '2023-11-16', 'November', '2023', '2023-11-16', '09:57:34', '2023-11-16', '12:05:27', 3, 0),
('20231116095938', 'AKL', '55884', 3, 1, 'JEL', '20231108113422', '20231115103823', '20231115103950', '20231115104118', 'AKLCUTTING', '2023-11-16', 'November', '2023', '2023-11-16', '09:59:38', '2023-11-17', '11:08:40', 3, 0),
('20231116101019', 'AKL', '55885', 1, 1, 'BPL', '20231108113422', '20231116050209', '20231116050349', '20231116050615', 'AKLCUTTING', '2023-11-16', 'November', '2023', '2023-11-16', '10:10:19', '0000-00-00', '00:00:00', 1, 0),
('20231116111945', 'AKL', '213223', 1, 1, 'BPL', '20231108113422', '20231115130834', '20231115131057', '20231115131306', 'AKLCUTTING', '2023-11-16', 'November', '2023', '2023-11-16', '11:19:45', '2023-11-16', '12:06:03', 3, 0),
('20231116112146', 'AKL', '213225', 1, 1, 'BPL', '20231108113422', '20231115125954', '20231115130110', '20231115130221', 'AKLCUTTING', '2023-11-16', 'November', '2023', '2023-11-16', '11:21:46', '2023-11-16', '12:06:29', 3, 0),
('20231116115058', 'AKL', '55890', 1, 1, 'BPL', '20231108113422', '20231115142509', '20231115142655', '20231115142823', 'AKLCUTTING', '2023-11-16', 'November', '2023', '2023-11-16', '11:50:58', '2023-11-16', '21:23:59', 3, 0),
('20231116115306', 'AKL', '55889', 1, 1, 'BPL', '20231108113422', '20231115103823', '20231115103950', '20231115104118', 'AKLCUTTING', '2023-11-16', 'November', '2023', '2023-11-16', '11:53:06', '2023-11-16', '21:22:43', 3, 0),
('20231116120247', 'AKL', '55888', 1, 1, 'BPL', '20231108113422', '20231116065634', '20231116065809', '20231116065912', 'AKLCUTTING', '2023-11-16', 'November', '2023', '2023-11-16', '12:02:47', '0000-00-00', '00:00:00', 1, 0),
('20231116152341', 'AKL', '213226', 1, 1, 'BPL', '20231108113422', '20231115120625', '20231115120759', '20231115120902', 'AKLCUTTING', '2023-11-16', 'November', '2023', '2023-11-16', '15:23:41', '2023-11-16', '18:16:56', 3, 0),
('20231116163929', 'AKL', '55893', 1, 1, 'BPL', '20231108113422', '20231116113237', '20231116113359', '20231116113505', 'AKLCUTTING', '2023-11-16', 'November', '2023', '2023-11-16', '16:39:29', '2023-11-16', '18:15:06', 3, 0),
('20231116165411', 'AKL', '55892', 1, 1, 'BPL', '20231115064930', '20231116114439', '20231116114853', '20231116115013', 'AKLCUTTING', '2023-11-16', 'November', '2023', '2023-11-16', '16:54:11', '2023-11-16', '18:13:59', 3, 0),
('20231116172812', 'AKL', '55891', 1, 1, 'BPL', '20231108113422', '20231115103823', '20231115103950', '20231115104118', 'AKLCUTTING', '2023-11-16', 'November', '2023', '2023-11-16', '17:28:12', '0000-00-00', '00:00:00', 1, 0),
('20231116172813', 'AKL', '55891', 1, 1, 'BPL', '20231108113422', '20231115103823', '20231115103950', '20231115104118', 'AKLCUTTING', '2023-11-16', 'November', '2023', '2023-11-16', '17:28:13', '2023-11-16', '21:23:26', 3, 0),
('20231116173507', 'AKL', '55891', 3, 1, 'JEL', '20231108113422', '20231115103823', '20231115103950', '20231115104118', 'AKLCUTTING', '2023-11-16', 'November', '2023', '2023-11-16', '17:35:07', '0000-00-00', '00:00:00', 1, 0),
('20231116173508', 'AKL', '55891', 3, 1, 'JEL', '20231108113422', '20231115103823', '20231115103950', '20231115104118', 'AKLCUTTING', '2023-11-16', 'November', '2023', '2023-11-16', '17:35:08', '2023-11-17', '11:08:21', 3, 0),
('20231116191510', 'AKL', '213227', 1, 1, 'BPL', '20231108113422', '20231115130834', '20231115131057', '20231115131306', 'AKLCUTTING', '2023-11-16', 'November', '2023', '2023-11-16', '19:15:10', '2023-11-16', '21:27:08', 3, 0),
('20231116191651', 'AKL', '213228', 1, 1, 'BPL', '20231108113422', '20231115120625', '20231115120759', '20231115120902', 'AKLCUTTING', '2023-11-16', 'November', '2023', '2023-11-16', '19:16:51', '2023-11-16', '21:26:43', 3, 0),
('20231116191805', 'AKL', '213229', 1, 1, 'BPL', '20231108113422', '20231115125954', '20231115130110', '20231115130221', 'AKLCUTTING', '2023-11-16', 'November', '2023', '2023-11-16', '19:18:05', '2023-11-16', '21:21:32', 3, 0),
('20231116191956', 'AKL', '213230', 1, 1, 'BPL', '20231108113422', '20231115062104', '20231115115840', '20231115120012', 'AKLCUTTING', '2023-11-16', 'November', '2023', '2023-11-16', '19:19:56', '0000-00-00', '00:00:00', 1, 0),
('20231116191957', 'AKL', '213230', 1, 1, 'BPL', '20231108113422', '20231115062104', '20231115115840', '20231115120012', 'AKLCUTTING', '2023-11-16', 'November', '2023', '2023-11-16', '19:19:57', '2023-11-16', '21:26:19', 3, 0),
('20231116192612', 'AKL', '72810', 1, 1, 'BPL', '20231113114414', '20231113114602', '20231113114721', '20231113114948', 'AKLCUTTING', '2023-11-16', 'November', '2023', '2023-11-16', '19:26:12', '2023-11-16', '21:21:58', 3, 0),
('20231116194932', 'AKL', '55894', 1, 1, 'BPL', '20231108113422', '20231116143840', '20231116144031', '20231116144245', 'AKLCUTTING', '2023-11-16', 'November', '2023', '2023-11-16', '19:49:32', '2023-11-16', '21:25:03', 3, 0),
('20231116200222', 'AKL', '213231', 1, 1, 'BPL', '20231108113422', '20231116145607', '20231116145800', '20231116145903', 'AKLCUTTING', '2023-11-16', 'November', '2023', '2023-11-16', '20:02:22', '2023-11-16', '21:25:58', 3, 0),
('20231116202547', 'AKL', '55896', 1, 1, 'BPL', '20231108113422', '20231116151552', '20231116152050', '20231116152220', 'AKLCUTTING', '2023-11-16', 'November', '2023', '2023-11-16', '20:25:47', '2023-11-16', '21:24:30', 3, 0),
('20231116203543', 'AKL', '213232', 1, 1, 'BPL', '20231108113422', '20231116113237', '20231116113359', '20231116113505', 'AKLCUTTING', '2023-11-16', 'November', '2023', '2023-11-16', '20:35:43', '2023-11-16', '21:25:32', 3, 0),
('20231117091001', 'AKL', '55895', 1, 1, 'BPL', '20231108113422', '20231117040329', '20231117040512', '20231117040641', 'AKLCUTTING', '2023-11-17', 'November', '2023', '2023-11-17', '09:10:01', '2023-11-17', '11:12:14', 3, 0),
('20231117091102', 'AKL', '55899', 1, 1, 'BPL', '20231108113422', '20231117040329', '20231117040512', '20231117040641', 'AKLCUTTING', '2023-11-17', 'November', '2023', '2023-11-17', '09:11:02', '2023-11-17', '11:11:59', 3, 0),
('20231117091232', 'AKL', '55900', 1, 1, 'BPL', '20231108113422', '20231117040329', '20231117040512', '20231117040641', 'AKLCUTTING', '2023-11-17', 'November', '2023', '2023-11-17', '09:12:32', '2023-11-17', '11:11:36', 3, 0),
('20231117091719', 'AKL', '55898', 1, 1, 'BPL', '20231115064930', '20231116114439', '20231116114853', '20231116115013', 'AKLCUTTING', '2023-11-17', 'November', '2023', '2023-11-17', '09:17:19', '0000-00-00', '00:00:00', 1, 0),
('20231117091720', 'AKL', '55898', 1, 1, 'BPL', '20231115064930', '20231116114439', '20231116114853', '20231116115013', 'AKLCUTTING', '2023-11-17', 'November', '2023', '2023-11-17', '09:17:20', '2023-11-17', '11:11:48', 3, 0),
('20231117094333', 'AKL', '55897', 1, 1, 'BPL', '20231108113422', '20231117042123', '20231117042542', '20231117042705', 'AKLCUTTING', '2023-11-17', 'November', '2023', '2023-11-17', '09:43:33', '0000-00-00', '00:00:00', 1, 0),
('20231117094504', 'AKL', '55897', 3, 1, 'JEL', '20231108113422', '20231117042123', '20231117042542', '20231117042705', 'AKLCUTTING', '2023-11-17', 'November', '2023', '2023-11-17', '09:45:04', '2023-11-19', '11:26:01', 3, 0),
('20231117101308', 'AKL', '55902', 1, 1, 'BPL', '20231108113422', '20231115103823', '20231115103950', '20231115104118', 'AKLCUTTING', '2023-11-17', 'November', '2023', '2023-11-17', '10:13:08', '0000-00-00', '00:00:00', 1, 0),
('20231117101309', 'AKL', '55902', 1, 1, 'BPL', '20231108113422', '20231115103823', '20231115103950', '20231115104118', 'AKLCUTTING', '2023-11-17', 'November', '2023', '2023-11-17', '10:13:09', '2023-11-17', '21:47:38', 3, 0),
('20231117101433', 'AKL', '55902', 3, 1, 'JEL', '20231108113422', '20231115103823', '20231115103950', '20231115104118', 'AKLCUTTING', '2023-11-17', 'November', '2023', '2023-11-17', '10:14:33', '2023-11-18', '09:41:48', 3, 0),
('20231117112631', 'AKL', '213233', 1, 1, 'BPL', '20231108113422', '20231115125954', '20231115130110', '20231115130221', 'AKLCUTTING', '2023-11-17', 'November', '2023', '2023-11-17', '11:26:31', '2023-11-17', '21:53:11', 3, 0),
('20231117112754', 'AKL', '213234', 1, 1, 'BPL', '20231108113422', '20231115130834', '20231115131057', '20231115131306', 'AKLCUTTING', '2023-11-17', 'November', '2023', '2023-11-17', '11:27:54', '2023-11-17', '21:51:01', 3, 0),
('20231117112917', 'AKL', '213235', 1, 1, 'BPL', '20231108113422', '20231115120625', '20231115120759', '20231115120902', 'AKLCUTTING', '2023-11-17', 'November', '2023', '2023-11-17', '11:29:17', '2023-11-17', '20:35:24', 3, 0),
('20231117113125', 'AKL', '213236', 1, 1, 'BPL', '20231108113422', '20231108113824', '20231108114247', '20231108115406', 'AKLCUTTING', '2023-11-17', 'November', '2023', '2023-11-17', '11:31:25', '2023-11-17', '20:34:25', 3, 0),
('20231117115035', 'AKL', '72811', 1, 1, 'BPL', '20231113114414', '20231117064345', '20231117064508', '20231117064613', 'AKLCUTTING', '2023-11-17', 'November', '2023', '2023-11-17', '11:50:35', '2023-11-22', '16:27:28', 3, 0),
('20231117115939', 'AKL', '55903', 1, 1, 'BPL', '20231115064930', '20231117065145', '20231117065331', '20231117065444', 'AKLCUTTING', '2023-11-17', 'November', '2023', '2023-11-17', '11:59:39', '2023-11-17', '20:07:30', 3, 0),
('20231117123234', 'BPL', '96351', 1, 1, 'AKL', '20231113114414', '20231113114602', '20231113114721', '20231113114948', 'BPLPRINT', '2023-11-16', 'November', '2023', '2023-11-17', '12:32:34', '2023-11-21', '18:18:28', 3, 0),
('20231117123539', 'BPL', '96353', 1, 1, 'AKL', '20231113114414', '20231113114602', '20231113114721', '20231113114948', 'BPLPRINT', '2023-11-17', 'November', '2023', '2023-11-17', '12:35:39', '2023-11-21', '12:57:05', 3, 0),
('20231117124143', 'BPL', '96356', 1, 1, 'AKL', '20231108113422', '20231116113237', '20231116113359', '20231116113505', 'BPLPRINT', '2023-11-17', 'November', '2023', '2023-11-17', '12:41:43', '2023-11-21', '12:55:26', 3, 0),
('20231117124503', 'BPL', '96357', 1, 1, 'AKL', '20231108113422', '20231116113237', '20231116113359', '20231116113505', 'BPLPRINT', '2023-11-17', 'November', '2023', '2023-11-17', '12:45:03', '2023-11-21', '12:57:25', 3, 0),
('20231117125054', 'BPL', '96358', 1, 1, 'AKL', '20231108113422', '20231115130834', '20231115131057', '20231115131306', 'BPLPRINT', '2023-11-17', 'November', '2023', '2023-11-17', '12:50:54', '2023-11-21', '12:57:38', 3, 0),
('20231117130828', 'BPL', '96362', 1, 1, 'AKL', '20231108113422', '20231116143840', '20231116144031', '20231116144245', 'BPLPRINT', '2023-11-17', 'November', '2023', '2023-11-17', '13:08:28', '2023-11-21', '12:58:01', 3, 0),
('20231117145630', 'BPL', '96363', 1, 1, 'AKL', '20231108113422', '20231115130834', '20231115131057', '20231115131306', 'BPLPRINT', '2023-11-17', 'November', '2023', '2023-11-17', '14:56:30', '2023-11-21', '14:03:45', 3, 0),
('20231117145939', 'AKL', '213239', 1, 1, 'BPL', '20231117080854', '20231117081605', '20231117095501', '20231117095620', 'AKLCUTTING', '2023-11-17', 'November', '2023', '2023-11-17', '14:59:39', '2023-11-17', '19:58:15', 3, 0),
('20231117160426', 'AKL', '55907', 1, 1, 'BPL', '20231108113422', '20231115070002', '20231115070246', '20231115070344', 'AKLCUTTING', '2023-11-17', 'November', '2023', '2023-11-17', '16:04:26', '2023-11-20', '00:29:32', 3, 0),
('20231117160558', 'AKL', '55904', 1, 1, 'BPL', '20231108113422', '20231116065634', '20231116065809', '20231116065912', 'AKLCUTTING', '2023-11-17', 'November', '2023', '2023-11-17', '16:05:58', '2023-11-17', '19:55:31', 3, 0),
('20231117160840', 'AKL', '55905', 1, 1, 'BPL', '20231108113422', '20231116065634', '20231116065809', '20231116065912', 'AKLCUTTING', '2023-11-17', 'November', '2023', '2023-11-17', '16:08:40', '2023-11-17', '19:54:34', 3, 0),
('20231117161356', 'AKL', '213238', 1, 1, 'BPL', '20231108113422', '20231108113824', '20231108114247', '20231108115406', 'AKLCUTTING', '2023-11-17', 'November', '2023', '2023-11-17', '16:13:56', '2023-11-17', '19:53:39', 3, 0),
('20231117161751', 'AKL', '213237', 1, 1, 'BPL', '20231108113422', '20231115125954', '20231115130110', '20231115130221', 'AKLCUTTING', '2023-11-17', 'November', '2023', '2023-11-17', '16:17:51', '2023-11-17', '19:52:21', 3, 0),
('20231117163359', 'BPL', '96364', 1, 1, 'JEL', '20231108113422', '20231115125954', '20231115130110', '20231115130221', 'BPLPRINT', '2023-11-17', 'November', '2023', '2023-11-17', '16:33:59', '2023-11-18', '09:42:05', 3, 0),
('20231117163522', 'BPL', '96365', 1, 1, 'AKL', '20231108113422', '20231116113237', '20231116113359', '20231116113505', 'BPLPRINT', '2023-11-17', 'November', '2023', '2023-11-17', '16:35:22', '2023-11-21', '12:59:03', 3, 0),
('20231117163809', 'BPL', '96367', 1, 1, 'AKL', '20231108113422', '20231117040329', '20231117040512', '20231117040641', 'BPLPRINT', '2023-11-17', 'November', '2023', '2023-11-17', '16:38:09', '2023-11-21', '14:04:09', 3, 0),
('20231117164002', 'BPL', '96366', 1, 1, 'AKL', '20231108113422', '20231116145607', '20231116145800', '20231116145903', 'BPLPRINT', '2023-11-17', 'November', '2023', '2023-11-17', '16:40:02', '2023-11-21', '12:59:36', 3, 0),
('20231117164119', 'AKL', '213240', 1, 1, 'BPL', '20231108113422', '20231116113237', '20231116113359', '20231116113505', 'AKLCUTTING', '2023-11-17', 'November', '2023', '2023-11-17', '16:41:19', '2023-11-17', '19:51:14', 3, 0),
('20231117164254', 'AKL', '55908', 1, 1, 'BPL', '20231108113422', '20231115070002', '20231115070246', '20231115070344', 'AKLCUTTING', '2023-11-17', 'November', '2023', '2023-11-17', '16:42:54', '2023-11-17', '19:50:17', 3, 0),
('20231117170357', 'AKL', '55911', 1, 1, 'BPL', '20231115064930', '20231117065145', '20231117065331', '20231117065444', 'AKLCUTTING', '2023-11-17', 'November', '2023', '2023-11-17', '17:03:57', '0000-00-00', '00:00:00', 1, 0),
('20231117170358', 'AKL', '55911', 1, 1, 'BPL', '20231115064930', '20231117065145', '20231117065331', '20231117065444', 'AKLCUTTING', '2023-11-17', 'November', '2023', '2023-11-17', '17:03:58', '2023-11-20', '00:31:07', 3, 0),
('20231117170820', 'AKL', '55913', 1, 1, 'BPL', '20231115064930', '20231116114439', '20231116114853', '20231116115013', 'AKLCUTTING', '2023-11-17', 'November', '2023', '2023-11-17', '17:08:20', '0000-00-00', '00:00:00', 1, 0),
('20231117170821', 'AKL', '55913', 1, 1, 'BPL', '20231115064930', '20231116114439', '20231116114853', '20231116115013', 'AKLCUTTING', '2023-11-17', 'November', '2023', '2023-11-17', '17:08:21', '2023-11-20', '00:31:26', 3, 0),
('20231117170929', 'AKL', '55912', 1, 1, 'BPL', '20231115064930', '20231117065145', '20231117065331', '20231117065444', 'AKLCUTTING', '2023-11-17', 'November', '2023', '2023-11-17', '17:09:29', '0000-00-00', '00:00:00', 1, 0),
('20231117170930', 'AKL', '55912', 1, 1, 'BPL', '20231115064930', '20231117065145', '20231117065331', '20231117065444', 'AKLCUTTING', '2023-11-17', 'November', '2023', '2023-11-17', '17:09:30', '2023-11-20', '00:30:49', 3, 0),
('20231117171225', 'AKL', '72813', 1, 1, 'BPL', '20231113114414', '20231117063607', '20231117063733', '20231117063858', 'AKLCUTTING', '2023-11-17', 'November', '2023', '2023-11-17', '17:12:25', '2023-11-20', '00:28:25', 3, 0),
('20231117171332', 'AKL', '72812', 1, 1, 'BPL', '20231113114414', '20231117063607', '20231117063733', '20231117063858', 'AKLCUTTING', '2023-11-17', 'November', '2023', '2023-11-17', '17:13:32', '2023-11-20', '00:27:58', 3, 0),
('20231118083935', 'BPL', '96368', 1, 1, 'AKL', '20231108113422', '20231115103823', '20231115103950', '20231115104118', 'BPLPRINT', '2023-11-18', 'November', '2023', '2023-11-18', '08:39:35', '2023-11-21', '13:23:18', 3, 0),
('20231118084325', 'BPL', '96369', 1, 1, 'AKL', '20231108113422', '20231115120625', '20231115120759', '20231115120902', 'BPLPRINT', '2023-11-18', 'November', '2023', '2023-11-18', '08:43:25', '2023-11-21', '13:00:02', 3, 0),
('20231118085901', 'BPL', '96372', 1, 1, 'AKL', '20231108113422', '20231116151552', '20231116152050', '20231116152220', 'BPLPRINT', '2023-11-18', 'November', '2023', '2023-11-18', '08:59:01', '2023-11-21', '13:21:51', 3, 0),
('20231118085955', 'BPL', '96373', 1, 1, 'AKL', '20231108113422', '20231116113237', '20231116113359', '20231116113505', 'BPLPRINT', '2023-11-18', 'November', '2023', '2023-11-18', '08:59:55', '2023-11-21', '13:10:13', 3, 0),
('20231118091803', 'AKL', '213241', 1, 1, 'BPL', '20231108113422', '20231118040759', '20231118040942', '20231118041038', 'AKLCUTTING', '2023-11-18', 'November', '2023', '2023-11-18', '09:18:03', '2023-11-18', '11:53:41', 3, 0),
('20231118094202', 'AKL', '213242', 1, 1, 'BPL', '20231108113422', '20231115125954', '20231115130110', '20231115130221', 'AKLCUTTING', '2023-11-18', 'November', '2023', '2023-11-18', '09:42:02', '2023-11-20', '22:58:00', 3, 0),
('20231118094413', 'AKL', '213242', 1, 1, 'BPL', '20231108113422', '20231115125954', '20231115130110', '20231115130221', 'AKLCUTTING', '2023-11-18', 'November', '2023', '2023-11-18', '09:44:13', '2023-11-18', '11:53:21', 3, 0),
('20231118094629', 'AKL', '213243', 1, 1, 'BPL', '20231108113422', '20231115130834', '20231115131057', '20231115131306', 'AKLCUTTING', '2023-11-18', 'November', '2023', '2023-11-18', '09:46:29', '2023-11-18', '11:53:00', 3, 0),
('20231118094732', 'AKL', '213244', 1, 1, 'BPL', '20231108113422', '20231108113824', '20231108114247', '20231108115406', 'AKLCUTTING', '2023-11-18', 'November', '2023', '2023-11-18', '09:47:32', '2023-11-18', '11:54:24', 3, 0),
('20231118101732', 'BPL', '96374', 1, 1, 'AKL', '20231108113422', '20231116065634', '20231116065809', '20231116065912', 'BPLPRINT', '2023-11-18', 'November', '2023', '2023-11-18', '10:17:32', '2023-11-21', '13:10:33', 3, 0),
('20231118110239', 'BPL', '96375', 1, 1, 'JEL', '20231115065348', '20231115102842', '20231115103100', '20231115103248', 'BPLPRINT', '2023-11-18', 'November', '2023', '2023-11-18', '11:02:39', '2023-11-19', '11:24:02', 3, 0),
('20231118114539', 'AKL', '213245', 1, 1, 'BPL', '20231108113422', '20231115101017', '20231115101124', '20231115101247', 'AKLCUTTING', '2023-11-18', 'November', '2023', '2023-11-18', '11:45:39', '2023-11-18', '13:41:40', 3, 0),
('20231118114648', 'AKL', '213246', 1, 1, 'BPL', '20231108113422', '20231116050209', '20231116050349', '20231116050615', 'AKLCUTTING', '2023-11-18', 'November', '2023', '2023-11-18', '11:46:48', '2023-11-18', '13:41:55', 3, 0),
('20231118120518', 'AKL', '55914', 1, 1, 'BPL', '20231108113422', '20231115101017', '20231115101124', '20231115101247', 'AKLCUTTING', '2023-11-18', 'November', '2023', '2023-11-18', '12:05:18', '2023-11-18', '13:42:44', 3, 0),
('20231118120658', 'AKL', '55915', 1, 1, 'BPL', '20231115064930', '20231117065145', '20231117065331', '20231117065444', 'AKLCUTTING', '2023-11-18', 'November', '2023', '2023-11-18', '12:06:58', '2023-11-18', '13:42:32', 3, 0),
('20231118120659', 'AKL', '55915', 1, 1, 'BPL', '20231115064930', '20231117065145', '20231117065331', '20231117065444', 'AKLCUTTING', '2023-11-18', 'November', '2023', '2023-11-18', '12:06:59', '0000-00-00', '00:00:00', 1, 0),
('20231118120813', 'BPL', '96377', 1, 1, 'AKL', '20231117080854', '20231117081605', '20231117095501', '20231117095620', 'BPLPRINT', '2023-11-18', 'November', '2023', '2023-11-18', '12:08:13', '2023-11-21', '13:23:50', 3, 0),
('20231118121110', 'BPL', '96376', 1, 1, 'AKL', '20231115065348', '20231115102842', '20231115103100', '20231115103248', 'BPLPRINT', '2023-11-18', 'November', '2023', '2023-11-18', '12:11:10', '2023-11-21', '13:15:52', 3, 0),
('20231118121637', 'BPL', '96378', 1, 3, 'AKL', '20231108113422', '20231115103823', '20231115103950', '20231115104118', 'BPLPRINT', '2023-11-18', 'November', '2023', '2023-11-18', '12:16:37', '2023-11-21', '13:12:11', 3, 0),
('20231118121809', 'BPL', '96379', 1, 3, 'AKL', '20231113114414', '20231115063656', '20231115064014', '20231115064126', 'BPLPRINT', '2023-11-18', 'November', '2023', '2023-11-18', '12:18:09', '2023-11-21', '13:13:23', 3, 0),
('20231118125243', 'AKL', '55916', 1, 1, 'BPL', '20231108113422', '20231115070002', '20231115070246', '20231115070344', 'AKLCUTTING', '2023-11-18', 'November', '2023', '2023-11-18', '12:52:43', '2023-11-18', '13:42:17', 3, 0),
('20231118142736', 'BPL', '96380', 1, 3, 'AKL', '20231108113422', '20231115103823', '20231115103950', '20231115104118', 'BPLPRINT', '2023-11-18', 'November', '2023', '2023-11-18', '14:27:36', '2023-11-21', '13:08:55', 3, 0),
('20231118142737', 'BPL', '96380', 1, 3, 'AKL', '20231108113422', '20231115103823', '20231115103950', '20231115104118', 'BPLPRINT', '2023-11-18', 'November', '2023', '2023-11-18', '14:27:37', '0000-00-00', '00:00:00', 1, 0),
('20231118160641', 'AKL', '55917', 1, 1, 'BPL', '20231108113422', '20231116050209', '20231116050349', '20231116050615', 'AKLCUTTING', '2023-11-18', 'November', '2023', '2023-11-18', '16:06:41', '2023-11-18', '18:06:15', 3, 0),
('20231118160916', 'AKL', '55919', 1, 1, 'BPL', '20231108113422', '20231118061406', '20231118061538', '20231118061757', 'AKLCUTTING', '2023-11-18', 'November', '2023', '2023-11-18', '16:09:16', '2023-11-18', '18:06:28', 3, 0),
('20231118161143', 'AKL', '55918', 1, 1, 'BPL', '20231108113422', '20231117042123', '20231117042542', '20231117042705', 'AKLCUTTING', '2023-11-18', 'November', '2023', '2023-11-18', '16:11:43', '2023-11-20', '00:24:04', 3, 0),
('20231118161304', 'AKL', '55918', 3, 1, 'JEL', '20231108113422', '20231117042123', '20231117042542', '20231117042705', 'AKLCUTTING', '2023-11-18', 'November', '2023', '2023-11-18', '16:13:04', '2023-11-20', '12:22:11', 3, 0),
('20231118161500', 'AKL', '213247', 1, 1, 'BPL', '20231108113422', '20231115125954', '20231115130110', '20231115130221', 'AKLCUTTING', '2023-11-18', 'November', '2023', '2023-11-18', '16:15:00', '2023-11-18', '18:05:46', 3, 0),
('20231118161623', 'AKL', '213248', 1, 1, 'BPL', '20231108113422', '20231115120625', '20231115120759', '20231115120902', 'AKLCUTTING', '2023-11-18', 'November', '2023', '2023-11-18', '16:16:23', '2023-11-18', '18:03:56', 3, 0),
('20231118161735', 'AKL', '213249', 1, 1, 'BPL', '20231108113422', '20231118040759', '20231118040942', '20231118041038', 'AKLCUTTING', '2023-11-18', 'November', '2023', '2023-11-18', '16:17:35', '2023-11-18', '18:05:04', 3, 0),
('20231118165119', 'JEL', '26038', 3, 3, 'AKL', '20231108113422', '20231115103823', '20231115103950', '20231115104118', 'JELEMB', '2023-11-18', 'November', '2023', '2023-11-18', '16:51:19', '2023-11-21', '14:07:30', 3, 0),
('20231118165120', 'JEL', '26038', 3, 3, 'AKL', '20231108113422', '20231115103823', '20231115103950', '20231115104118', 'JELEMB', '2023-11-18', 'November', '2023', '2023-11-18', '16:51:20', '0000-00-00', '00:00:00', 1, 0),
('20231118165719', 'BPL', '96381', 1, 3, 'JEL', '20231115065348', '20231115102842', '20231115103100', '20231115103248', 'BPLPRINT', '2023-11-18', 'November', '2023', '2023-11-18', '16:57:19', '2023-11-19', '11:23:57', 3, 0),
('20231118165817', 'BPL', '96382', 1, 3, 'AKL', '20231108113422', '20231115130834', '20231115131057', '20231115131306', 'BPLPRINT', '2023-11-18', 'November', '2023', '2023-11-18', '16:58:17', '2023-11-21', '13:14:40', 3, 0),
('20231118170151', 'BPL', '93383', 1, 3, 'AKL', '20231115052608', '20231115055618', '20231115055837', '20231115055936', 'BPLPRINT', '2023-11-18', 'November', '2023', '2023-11-18', '17:01:51', '2023-11-22', '16:12:26', 3, 0),
('20231118181403', 'AKL', '55918', 3, 1, 'BPL', '20231108113422', '20231117042123', '20231117042542', '20231117042705', 'AKLCUTTING', '2023-11-18', 'November', '2023', '2023-11-18', '18:14:03', '2023-11-20', '12:15:15', 3, 0),
('20231118182437', 'AKL', '55921', 1, 1, 'BPL', '20231115064930', '20231118131010', '20231118132012', '20231118132135', 'AKLCUTTING', '2023-11-18', 'November', '2023', '2023-11-18', '18:24:37', '2023-11-20', '12:16:10', 3, 0),
('20231118183412', 'AKL', '55920', 1, 1, 'BPL', '20231108113422', '20231118132836', '20231118132953', '20231118133052', 'AKLCUTTING', '2023-11-18', 'November', '2023', '2023-11-18', '18:34:12', '2023-11-20', '12:16:47', 3, 0),
('20231119095006', 'JEL', '26048', 3, 3, 'AKL', '20231108113422', '20231115103823', '20231115103950', '20231115104118', 'JELEMB', '2023-11-19', 'November', '2023', '2023-11-19', '09:50:06', '2023-11-21', '14:17:02', 3, 0),
('20231119095007', 'JEL', '26048', 3, 3, 'AKL', '20231108113422', '20231115103823', '20231115103950', '20231115104118', 'JELEMB', '2023-11-19', 'November', '2023', '2023-11-19', '09:50:07', '0000-00-00', '00:00:00', 1, 0),
('20231119100615', 'BPL', '96389', 1, 3, 'AKL', '20231108113422', '20231115062104', '20231115062252', '20231115062428', 'BPLPRINT', '2023-11-19', 'November', '2023', '2023-11-19', '10:06:15', '2023-11-21', '13:31:32', 3, 0),
('20231119100848', 'BPL', '96386', 1, 3, 'AKL', '20231108113422', '20231115070002', '20231115070246', '20231115070344', 'BPLPRINT', '2023-11-19', 'November', '2023', '2023-11-19', '10:08:48', '2023-11-21', '13:32:23', 3, 0),
('20231119101055', 'BPL', '96387', 1, 3, 'JEL', '20231108113422', '20231115125954', '20231115130110', '20231115130221', 'BPLPRINT', '2023-11-19', 'November', '2023', '2023-11-19', '10:10:55', '2023-11-19', '11:23:50', 3, 0),
('20231119113454', 'BPL', '96391', 1, 3, 'AKL', '20231115064811', '20231116033742', '20231116034201', '20231116034602', 'BPLPRINT', '2023-11-19', 'November', '2023', '2023-11-19', '11:34:54', '2023-11-21', '13:25:34', 3, 0),
('20231119122111', 'BPL', '96394', 1, 3, 'AKL', '20231108113422', '20231115101017', '20231115101124', '20231115101247', 'BPLPRINT', '2023-11-19', 'November', '2023', '2023-11-19', '12:21:11', '2023-11-21', '13:26:07', 3, 0),
('20231119122304', 'BPL', '96395', 1, 3, 'AKL', '20231115064811', '20231115081026', '20231115081144', '20231115082957', 'BPLPRINT', '2023-11-19', 'November', '2023', '2023-11-19', '12:23:04', '2023-11-21', '13:26:35', 3, 0),
('20231119123424', 'BPL', '96396', 1, 3, 'AKL', '20231115064811', '20231115075726', '20231115080152', '20231115080310', 'BPLPRINT', '2023-11-19', 'November', '2023', '2023-11-19', '12:34:24', '2023-11-21', '13:26:18', 3, 0),
('20231119125316', 'BPL', '96397', 1, 3, 'AKL', '20231108113422', '20231116143840', '20231116144031', '20231116144245', 'BPLPRINT', '2023-11-19', 'November', '2023', '2023-11-19', '12:53:16', '2023-11-21', '13:25:49', 3, 0),
('20231119152008', 'AKL', '213409', 3, 1, 'JEL', '20231113114414', '20231116072123', '20231116072302', '20231116072347', 'AKLCUTTING', '2023-11-19', 'November', '2023', '2023-11-19', '15:20:08', '2023-11-20', '12:19:10', 3, 0),
('20231119152133', 'AKL', '213408', 1, 1, 'BPL', '20231108113422', '20231118040759', '20231118040942', '20231118041038', 'AKLCUTTING', '2023-11-19', 'November', '2023', '2023-11-19', '15:21:33', '2023-11-20', '12:09:12', 3, 0),
('20231119152712', 'BPL', '96399', 1, 3, 'AKL', '20231108113422', '20231116143840', '20231116144031', '20231116144245', 'BPLPRINT', '2023-11-19', 'November', '2023', '2023-11-19', '15:27:12', '2023-11-20', '17:15:00', 3, 0),
('20231119153004', 'AKL', '213407', 1, 1, 'BPL', '20231108113422', '20231118034545', '20231118034653', '20231118034832', 'AKLCUTTING', '2023-11-19', 'November', '2023', '2023-11-19', '15:30:04', '2023-11-20', '12:08:29', 3, 0),
('20231119153109', 'AKL', '213406', 1, 1, 'BPL', '20231108113422', '20231115125954', '20231115130110', '20231115130221', 'AKLCUTTING', '2023-11-19', 'November', '2023', '2023-11-19', '15:31:09', '2023-11-20', '12:11:05', 3, 0),
('20231119154240', 'AKL', '55929', 1, 1, 'BPL', '20231108113422', '20231119103239', '20231119103424', '20231119103844', 'AKLCUTTING', '2023-11-19', 'November', '2023', '2023-11-19', '15:42:40', '2023-11-20', '00:22:08', 3, 0),
('20231119155030', 'AKL', '55932', 1, 1, 'BPL', '20231115064930', '20231119104405', '20231119104535', '20231119104648', 'AKLCUTTING', '2023-11-19', 'November', '2023', '2023-11-19', '15:50:30', '2023-11-20', '00:21:04', 3, 0),
('20231119155430', 'AKL', '55931', 1, 1, 'BPL', '20231115064930', '20231119104405', '20231119104535', '20231119104648', 'AKLCUTTING', '2023-11-19', 'November', '2023', '2023-11-19', '15:54:30', '2023-11-20', '00:20:41', 3, 0),
('20231119155656', 'AKL', '72821', 1, 1, 'BPL', '20231113114414', '20231117070752', '20231117070911', '20231117071056', 'AKLCUTTING', '2023-11-19', 'November', '2023', '2023-11-19', '15:56:56', '2023-11-20', '12:06:43', 3, 0),
('20231119155823', 'AKL', '55927', 1, 1, 'BPL', '20231108113422', '20231119103239', '20231119103424', '20231119103844', 'AKLCUTTING', '2023-11-19', 'November', '2023', '2023-11-19', '15:58:23', '2023-11-20', '00:19:29', 3, 0),
('20231119164331', 'BPL', '96400', 1, 3, 'AKL', '20231108113422', '20231116050209', '20231116050349', '20231116050615', 'BPLPRINT', '2023-11-19', 'November', '2023', '2023-11-19', '16:43:31', '2023-11-20', '17:14:27', 3, 0),
('20231119164928', 'AKL', '72823', 1, 1, 'BPL', '20231113114414', '20231117063607', '20231117063733', '20231117063858', 'AKLCUTTING', '2023-11-19', 'November', '2023', '2023-11-19', '16:49:28', '2023-11-19', '20:44:43', 3, 0),
('20231119165039', 'AKL', '72824', 1, 1, 'BPL', '20231113114414', '20231117064345', '20231117064508', '20231117064613', 'AKLCUTTING', '2023-11-19', 'November', '2023', '2023-11-19', '16:50:39', '2023-11-19', '20:42:45', 3, 0),
('20231119165507', 'AKL', '55933', 1, 1, 'BPL', '20231108113422', '20231115103823', '20231115103950', '20231115104118', 'AKLCUTTING', '2023-11-19', 'November', '2023', '2023-11-19', '16:55:07', '2023-11-20', '00:18:27', 3, 0),
('20231119165633', 'AKL', '55933', 3, 1, 'JEL', '20231108113422', '20231115103823', '20231115103950', '20231115104118', 'AKLCUTTING', '2023-11-19', 'November', '2023', '2023-11-19', '16:56:33', '2023-11-19', '23:12:37', 3, 0),
('20231119170643', 'AKL', '55934', 1, 1, 'BPL', '20231115064930', '20231119104405', '20231119104535', '20231119104648', 'AKLCUTTING', '2023-11-19', 'November', '2023', '2023-11-19', '17:06:43', '0000-00-00', '00:00:00', 1, 0),
('20231119170644', 'AKL', '55934', 1, 1, 'BPL', '20231115064930', '20231119104405', '20231119104535', '20231119104648', 'AKLCUTTING', '2023-11-19', 'November', '2023', '2023-11-19', '17:06:44', '2023-11-19', '20:41:55', 3, 0),
('20231119173100', 'BPL', '96401', 1, 3, 'AKL', '20231108113422', '20231115101757', '20231115101919', '20231115102003', 'BPLPRINT', '2023-11-19', 'November', '2023', '2023-11-19', '17:31:00', '2023-11-20', '17:13:48', 3, 0),
('20231119180522', 'AKL', '213410', 3, 1, 'JEL', '20231113114414', '20231116072123', '20231116072302', '20231116072347', 'AKLCUTTING', '2023-11-19', 'November', '2023', '2023-11-19', '18:05:22', '2023-11-19', '23:10:17', 3, 0),
('20231119184526', 'AKL', '55935', 1, 1, 'BPL', '20231108113422', '20231118040759', '20231118040942', '20231118041038', 'AKLCUTTING', '2023-11-19', 'November', '2023', '2023-11-19', '18:45:26', '2023-11-19', '20:40:56', 3, 0),
('20231119184851', 'AKL', '55937', 1, 1, 'BPL', '20231108113422', '20231116143840', '20231116144031', '20231116144245', 'AKLCUTTING', '2023-11-19', 'November', '2023', '2023-11-19', '18:48:51', '2023-11-19', '20:39:52', 3, 0),
('20231119184959', 'AKL', '55936', 1, 1, 'BPL', '20231108113422', '20231116143840', '20231116144031', '20231116144245', 'AKLCUTTING', '2023-11-19', 'November', '2023', '2023-11-19', '18:49:59', '2023-11-19', '20:43:30', 3, 0),
('20231119190020', 'BPL', '96402', 1, 3, 'AKL', '20231108113422', '20231118132836', '20231118132953', '20231118133052', 'BPLPRINT', '2023-11-19', 'November', '2023', '2023-11-19', '19:00:20', '2023-11-21', '13:31:10', 3, 0),
('20231119192532', 'AKL', '213412', 3, 1, 'JEL', '20231113114414', '20231116072123', '20231116072302', '20231116072347', 'AKLCUTTING', '2023-11-19', 'November', '2023', '2023-11-19', '19:25:32', '2023-11-19', '20:50:14', 3, 0),
('20231119192639', 'AKL', '213411', 1, 1, 'BPL', '20231108113422', '20231115125954', '20231115130110', '20231115130221', 'AKLCUTTING', '2023-11-19', 'November', '2023', '2023-11-19', '19:26:39', '2023-11-19', '20:38:34', 3, 0),
('20231119195112', 'AKL', '55938', 1, 1, 'BGL', '20231108113422', '20231119144423', '20231119144614', '20231119144723', 'AKLCUTTING', '2023-11-19', 'November', '2023', '2023-11-19', '19:51:12', '0000-00-00', '00:00:00', 2, 0),
('20231120083106', 'JEL', '26114', 3, 3, 'AKL', '20231108113422', '20231115103823', '20231115103950', '20231115104118', 'JELEMB', '2023-11-20', 'November', '2023', '2023-11-20', '08:31:06', '2023-11-20', '10:13:01', 3, 0),
('20231120083607', 'JEL', '26117', 3, 3, 'BPL', '20231115065348', '20231115102842', '20231115103100', '20231115103248', 'JELEMB', '2023-11-20', 'November', '2023', '2023-11-20', '08:36:07', '2023-11-20', '10:15:22', 3, 0),
('20231120084103', 'JEL', '26119', 3, 3, 'AKL', '20231113114414', '20231116072123', '20231116072302', '20231116072347', 'JELEMB', '2023-11-20', 'November', '2023', '2023-11-20', '08:41:03', '2023-11-20', '10:08:08', 3, 0),
('20231120084215', 'BPL', '96403', 1, 3, 'AKL', '20231108113422', '20231119103239', '20231119103424', '20231119103844', 'BPLPRINT', '2023-11-20', 'November', '2023', '2023-11-20', '08:42:15', '2023-11-21', '15:18:19', 3, 0),
('20231120084743', 'BPL', '96404', 1, 3, 'AKL', '20231108113422', '20231118040759', '20231118040942', '20231118041038', 'BPLPRINT', '2023-11-20', 'November', '2023', '2023-11-20', '08:47:43', '2023-11-21', '15:18:00', 3, 0),
('20231120084843', 'BPL', '96405', 1, 3, 'AKL', '20231108113422', '20231118040759', '20231118040942', '20231118041038', 'BPLPRINT', '2023-11-20', 'November', '2023', '2023-11-20', '08:48:43', '2023-11-20', '10:14:34', 3, 0),
('20231120085005', 'AKL', '72826', 3, 1, 'JEL', '20231113114414', '20231120033832', '20231120034100', '20231120034232', 'AKLCUTTING', '2023-11-20', 'November', '2023', '2023-11-20', '08:50:05', '2023-11-20', '11:35:52', 3, 0),
('20231120085024', 'BPL', '96406', 1, 3, 'AKL', '20231108113422', '20231117042123', '20231117042542', '20231117042705', 'BPLPRINT', '2023-11-20', 'November', '2023', '2023-11-20', '08:50:24', '2023-11-21', '15:17:13', 3, 0),
('20231120085158', 'BPL', '96407', 1, 3, 'AKL', '20231108113422', '20231118034545', '20231118034653', '20231118034832', 'BPLPRINT', '2023-11-20', 'November', '2023', '2023-11-20', '08:51:58', '2023-11-20', '10:17:11', 3, 0),
('20231120085435', 'BPL', '96408', 1, 3, 'AKL', '20231115064930', '20231119104405', '20231119104535', '20231119104648', 'BPLPRINT', '2023-11-20', 'November', '2023', '2023-11-20', '08:54:35', '2023-11-20', '10:16:48', 3, 0),
('20231120091348', 'AKL', '72827', 3, 1, 'JEL', '20231113114414', '20231120040617', '20231120040823', '20231120040931', 'AKLCUTTING', '2023-11-20', 'November', '2023', '2023-11-20', '09:13:48', '2023-11-20', '11:35:17', 3, 0),
('20231120095140', 'AKL', '213413', 3, 1, 'JEL', '20231113114414', '20231116072123', '20231116072302', '20231116072347', 'AKLCUTTING', '2023-11-20', 'November', '2023', '2023-11-20', '09:51:40', '2023-11-20', '11:34:51', 3, 0),
('20231120104007', 'AKL', '55941', 1, 1, 'BPL', '20231108113422', '20231119103239', '20231119103424', '20231119103844', 'AKLCUTTING', '2023-11-20', 'November', '2023', '2023-11-20', '10:40:07', '2023-11-22', '16:25:46', 3, 0),
('20231120105403', 'AKL', '55941', 1, 1, 'BPL', '20231108113422', '20231119103239', '20231119103424', '20231119103844', 'AKLCUTTING', '2023-11-20', 'November', '2023', '2023-11-20', '10:54:03', '2023-11-20', '12:04:31', 3, 0),
('20231120115722', 'AKL', '213414 ', 1, 1, 'BPL', '20231108113422', '20231115062104', '20231115115840', '20231115120012', 'AKLCUTTING', '2023-11-20', 'November', '2023', '2023-11-20', '11:57:22', '2023-11-20', '13:14:26', 3, 0),
('20231120122521', 'BPL', '96412', 1, 3, 'AKL', '20231115065348', '20231115102842', '20231115103100', '20231115103248', 'BPLPRINT', '2023-11-20', 'November', '2023', '2023-11-20', '12:25:21', '2023-11-20', '12:55:40', 3, 0),
('20231120123930', 'AKL', '55942', 1, 1, 'BPL', '20231108113422', '20231118061406', '20231118061538', '20231118061757', 'AKLCUTTING', '2023-11-20', 'November', '2023', '2023-11-20', '12:39:30', '2023-11-20', '13:14:51', 3, 0),
('20231120125618', 'BPL', '96413', 1, 3, 'AKL', '20231108113422', '20231118040759', '20231118040942', '20231118041038', 'BPLPRINT', '2023-11-20', 'November', '2023', '2023-11-20', '12:56:18', '2023-11-20', '17:12:45', 3, 0),
('20231120144838', 'AKL', '55944', 1, 1, 'BPL', '20231108113422', '20231120092932', '20231120093631', '20231120093910', 'AKLCUTTING', '2023-11-20', 'November', '2023', '2023-11-20', '14:48:38', '2023-11-20', '17:59:00', 3, 0),
('20231120145158', 'AKL', '55943', 1, 1, 'BPL', '20231108113422', '20231120092932', '20231120093631', '20231120093910', 'AKLCUTTING', '2023-11-20', 'November', '2023', '2023-11-20', '14:51:58', '2023-11-20', '22:53:06', 3, 0),
('20231120153552', 'JEL', '26125', 3, 3, 'AKL', '20231113114414', '20231116072123', '20231116072302', '20231116072347', 'JELEMB', '2023-11-20', 'November', '2023', '2023-11-20', '15:35:52', '2023-11-21', '15:20:41', 3, 0),
('20231120155358', 'BPL', '96415', 1, 3, 'AKL', '20231113114414', '20231115063656', '20231115064014', '20231115064126', 'BPLPRINT', '2023-11-20', 'November', '2023', '2023-11-20', '15:53:58', '2023-11-20', '17:11:55', 3, 0),
('20231120155959', 'BPL', '96416', 1, 3, 'AKL', '20231115064930', '20231116114439', '20231116114853', '20231116115013', 'BPLPRINT', '2023-11-20', 'November', '2023', '2023-11-20', '15:59:59', '2023-11-20', '17:09:51', 3, 0),
('20231120160812', 'BPL', '96417', 1, 3, 'AKL', '20231108113422', '20231116143840', '20231116144031', '20231116144245', 'BPLPRINT', '2023-11-20', 'November', '2023', '2023-11-20', '16:08:12', '2023-11-20', '17:10:45', 3, 0),
('20231120161647', 'AKL', '55947', 1, 1, 'BPL', '20231115065800', '20231120104526', '20231120104705', '20231120104933', 'AKLCUTTING', '2023-11-20', 'November', '2023', '2023-11-20', '16:16:47', '2023-11-20', '17:57:44', 3, 0),
('20231120161845', 'AKL', '55948', 1, 1, 'BPL', '20231108113422', '20231116143840', '20231116144031', '20231116144245', 'AKLCUTTING', '2023-11-20', 'November', '2023', '2023-11-20', '16:18:45', '2023-11-20', '17:59:50', 3, 0),
('20231120162026', 'AKL', '55946', 1, 1, 'BPL', '20231108113422', '20231116143840', '20231116144031', '20231116144245', 'AKLCUTTING', '2023-11-20', 'November', '2023', '2023-11-20', '16:20:26', '2023-11-20', '17:58:25', 3, 0),
('20231120162940', 'AKL', '213416', 1, 1, 'BPL', '20231108113422', '20231115125954', '20231115130110', '20231115130221', 'AKLCUTTING', '2023-11-20', 'November', '2023', '2023-11-20', '16:29:40', '2023-11-20', '18:00:24', 3, 0),
('20231120165513', 'BPL', '96418', 1, 3, 'AKL', '20231108113422', '20231116050209', '20231116050349', '20231116050615', 'BPLPRINT', '2023-11-20', 'November', '2023', '2023-11-20', '16:55:13', '2023-11-21', '15:19:37', 3, 0),
('20231120170517', 'AKL', '213415', 3, 1, 'JEL', '20231113114414', '20231116072123', '20231116072302', '20231116072347', 'AKLCUTTING', '2023-11-20', 'November', '2023', '2023-11-20', '17:05:17', '2023-11-20', '18:03:24', 3, 0),
('20231120182119', 'AKL', '213417', 1, 1, 'BPL', '20231108113422', '20231115130834', '20231115131057', '20231115131306', 'AKLCUTTING', '2023-11-20', 'November', '2023', '2023-11-20', '18:21:19', '2023-11-20', '19:48:24', 3, 0),
('20231120182253', 'AKL', '72829', 1, 1, 'BPL', '20231113114414', '20231117070752', '20231117070911', '20231117071056', 'AKLCUTTING', '2023-11-20', 'November', '2023', '2023-11-20', '18:22:53', '2023-11-20', '19:48:00', 3, 0),
('20231120182942', 'AKL', '55949', 3, 1, 'JEL', '20231115065800', '20231120132402', '20231120132539', '20231120132644', 'AKLCUTTING', '2023-11-20', 'November', '2023', '2023-11-20', '18:29:42', '2023-11-23', '12:21:40', 3, 0),
('20231120183959', 'AKL', '72830', 3, 1, 'JEL', '20231113114414', '20231120053146', '20231120053317', '20231120053415', 'AKLCUTTING', '2023-11-20', 'November', '2023', '2023-11-20', '18:39:59', '2023-11-20', '19:46:12', 3, 0),
('20231121083443', 'JEL', '26133', 3, 3, 'AKL', '20231108113422', '20231115125954', '20231115130110', '20231115130221', 'JELEMB', '2023-11-21', 'November', '2023', '2023-11-21', '08:34:43', '2023-11-21', '18:20:59', 3, 0),
('20231121083605', 'JEL', '26135', 3, 3, 'AKL', '20231113114414', '20231116072123', '20231116072302', '20231116072347', 'JELEMB', '2023-11-21', 'November', '2023', '2023-11-21', '08:36:05', '2023-11-21', '10:09:56', 3, 0),
('20231121085137', 'BPL', '96420', 1, 3, 'AKL', '20231113114414', '20231117064345', '20231117064508', '20231117064613', 'BPLPRINT', '2023-11-21', 'November', '2023', '2023-11-21', '08:51:37', '2023-11-21', '10:23:26', 3, 0),
('20231121085513', 'BPL', '96421', 1, 3, 'AKL', '20231108113422', '20231117042123', '20231117042542', '20231117042705', 'BPLPRINT', '2023-11-21', 'November', '2023', '2023-11-21', '08:55:13', '2023-11-21', '10:24:19', 3, 0),
('20231121085718', 'BPL', '96422', 3, 3, 'AKL', '20231108113422', '20231115125954', '20231115130110', '20231115130221', 'BPLPRINT', '2023-11-21', 'November', '2023', '2023-11-21', '08:57:18', '2023-11-22', '16:00:55', 3, 0);
INSERT INTO `challanm1_insert` (`chmid`, `sfactoryid`, `challanno`, `ptid`, `ctid`, `dfactoryid`, `buyerid`, `jobnoid`, `styleid`, `orderid`, `userid`, `crcdate`, `cmonth`, `cyear`, `sdate`, `stime`, `rdate`, `rtime`, `status`, `challanm1status`) VALUES
('20231121085923', 'BPL', '96423', 1, 3, 'AKL', '20231108113422', '20231118061406', '20231118061538', '20231118061757', 'BPLPRINT', '2023-11-21', 'November', '2023', '2023-11-21', '08:59:23', '2023-11-21', '10:26:27', 3, 0),
('20231121090726', 'AKL', '55952', 1, 1, 'BPL', '20231108113422', '20231121035857', '20231121040030', '20231121040354', 'AKLCUTTING', '2023-11-21', 'November', '2023', '2023-11-21', '09:07:26', '2023-11-21', '23:54:42', 3, 0),
('20231121091335', 'JEL', '26146', 3, 3, 'AKL', '20231108113422', '20231115125954', '20231115130110', '20231115130221', 'JELEMB', '2023-11-21', 'November', '2023', '2023-11-21', '09:13:35', '2023-11-21', '10:16:04', 3, 0),
('20231121091521', 'AKL', '55951', 1, 1, 'BPL', '20231108113422', '20231121040816', '20231121040922', '20231121041035', 'AKLCUTTING', '2023-11-21', 'November', '2023', '2023-11-21', '09:15:21', '2023-11-21', '23:53:37', 3, 0),
('20231121091810', 'BPL', '96424', 1, 3, 'AKL', '20231108113422', '20231115062104', '20231115115840', '20231115120012', 'BPLPRINT', '2023-11-21', 'November', '2023', '2023-11-21', '09:18:10', '2023-11-22', '12:36:52', 3, 0),
('20231121092516', 'BPL', '96428', 1, 3, 'AKL', '20231108113422', '20231116143840', '20231116144031', '20231116144245', 'BPLPRINT', '2023-11-21', 'November', '2023', '2023-11-21', '09:25:16', '2023-11-21', '10:25:38', 3, 0),
('20231121092700', 'AKL', '72832', 1, 1, 'BPL', '20231113114414', '20231121041834', '20231121042137', '20231121042238', 'AKLCUTTING', '2023-11-21', 'November', '2023', '2023-11-21', '09:27:00', '2023-11-21', '23:51:42', 3, 0),
('20231121101704', 'BPL', '96429', 3, 3, 'JEL', '20231115065348', '20231115102842', '20231115103100', '20231115103248', 'BPLPRINT', '2023-11-21', 'November', '2023', '2023-11-21', '10:17:04', '2023-11-23', '12:20:50', 3, 0),
('20231121101821', 'BPL', '96430', 1, 3, 'AKL', '20231108113422', '20231115130834', '20231115131057', '20231115131306', 'BPLPRINT', '2023-11-21', 'November', '2023', '2023-11-21', '10:18:21', '2023-11-21', '17:26:44', 3, 0),
('20231121102632', 'BPL', '96431', 1, 3, 'AKL', '20231108113422', '20231118034545', '20231118034653', '20231118034832', 'BPLPRINT', '2023-11-21', 'November', '2023', '2023-11-21', '10:26:32', '2023-11-21', '18:16:07', 3, 0),
('20231121103208', 'AKL', '55954', 3, 1, 'JEL', '20231115065800', '20231120132402', '20231120132539', '20231120132644', 'AKLCUTTING', '2023-11-21', 'November', '2023', '2023-11-21', '10:32:08', '2023-11-21', '11:05:49', 3, 0),
('20231121103532', 'AKL', '55949', 3, 1, 'JEL', '20231115065800', '20231120132402', '20231120132539', '20231120132644', 'AKLCUTTING', '2023-11-21', 'November', '2023', '2023-11-21', '10:35:32', '2023-11-21', '11:06:16', 3, 0),
('20231121105440', 'JEL', '26147', 3, 3, 'BPL', '20231115065348', '20231115102842', '20231115103100', '20231115103248', 'JELEMB', '2023-11-21', 'November', '2023', '2023-11-21', '10:54:40', '2023-11-21', '11:12:27', 3, 0),
('20231121113549', 'AKL', '55956', 1, 1, 'BPL', '20231108113422', '20231121062522', '20231121062816', '20231121063011', 'AKLCUTTING', '2023-11-21', 'November', '2023', '2023-11-21', '11:35:49', '2023-11-21', '17:18:59', 3, 0),
('20231121113808', 'AKL', '55956', 3, 1, 'JEL', '20231108113422', '20231121062522', '20231121062816', '20231121063011', 'AKLCUTTING', '2023-11-21', 'November', '2023', '2023-11-21', '11:38:08', '2023-11-22', '00:14:15', 3, 0),
('20231121115449', 'AKL', '55957', 1, 1, 'BPL', '20231108113422', '20231121064114', '20231121064419', '20231121064752', 'AKLCUTTING', '2023-11-21', 'November', '2023', '2023-11-21', '11:54:49', '2023-11-21', '17:19:30', 3, 0),
('20231121121021', 'AKL', '55958', 1, 1, 'BPL', '20231108113422', '20231121065636', '20231121070006', '20231121070228', 'AKLCUTTING', '2023-11-21', 'November', '2023', '2023-11-21', '12:10:21', '2023-11-22', '16:23:36', 3, 0),
('20231121144444', 'AKL', '55958', 1, 1, 'BPL', '20231108113422', '20231121065636', '20231121070006', '20231121070228', 'AKLCUTTING', '2023-11-21', 'November', '2023', '2023-11-21', '14:44:44', '2023-11-22', '16:20:08', 3, 0),
('20231121153620', 'AKL', '72834', 1, 1, 'BPL', '20231121102719', '20231121102825', '20231121102942', '20231121103039', 'AKLCUTTING', '2023-11-21', 'November', '2023', '2023-11-21', '15:36:20', '2023-11-21', '17:20:01', 3, 0),
('20231121153944', 'AKL', '72833', 1, 1, 'BPL', '20231121102719', '20231121102825', '20231121102942', '20231121103039', 'AKLCUTTING', '2023-11-21', 'November', '2023', '2023-11-21', '15:39:44', '2023-11-21', '17:20:26', 3, 0),
('20231121154124', 'AKL', '55959', 1, 1, 'BPL', '20231108113422', '20231118061406', '20231118061538', '20231118061757', 'AKLCUTTING', '2023-11-21', 'November', '2023', '2023-11-21', '15:41:24', '2023-11-21', '17:20:52', 3, 0),
('20231121154311', 'AKL', '55960', 1, 1, 'BPL', '20231108113422', '20231119144423', '20231119144614', '20231119144723', 'AKLCUTTING', '2023-11-21', 'November', '2023', '2023-11-21', '15:43:11', '2023-11-21', '17:21:48', 3, 0),
('20231121161957', 'AKL', '213418', 1, 1, 'BPL', '20231108113422', '20231115125954', '20231115130110', '20231115130221', 'AKLCUTTING', '2023-11-21', 'November', '2023', '2023-11-21', '16:19:57', '2023-11-21', '17:22:13', 3, 0),
('20231121165038', 'BPL', '96436', 1, 3, 'AKL', '20231115052608', '20231115055618', '20231115055837', '20231115055936', 'BPLPRINT', '2023-11-21', 'November', '2023', '2023-11-21', '16:50:38', '2023-11-22', '12:19:53', 3, 0),
('20231121171013', 'BPL', '96437', 1, 3, 'AKL', '20231108113422', '20231115070002', '20231115070246', '20231115070344', 'BPLPRINT', '2023-11-21', 'November', '2023', '2023-11-21', '17:10:13', '2023-11-22', '12:22:32', 3, 0),
('20231121171014', 'BPL', '96437', 1, 3, 'AKL', '20231108113422', '20231115070002', '20231115070246', '20231115070344', 'BPLPRINT', '2023-11-21', 'November', '2023', '2023-11-21', '17:10:14', '0000-00-00', '00:00:00', 1, 0),
('20231121172429', 'AKL', '72835', 3, 1, 'JEL', '20231113114414', '20231121121750', '20231121121939', '20231121122103', 'AKLCUTTING', '2023-11-21', 'November', '2023', '2023-11-21', '17:24:29', '2023-11-22', '00:13:33', 3, 0),
('20231121172609', 'AKL', '72836', 1, 1, 'BPL', '20231121102719', '20231121102825', '20231121112459', '20231121112603', 'AKLCUTTING', '2023-11-21', 'November', '2023', '2023-11-21', '17:26:09', '2023-11-22', '00:00:22', 3, 0),
('20231121172610', 'AKL', '72836', 1, 1, 'BPL', '20231121102719', '20231121102825', '20231121112459', '20231121112603', 'AKLCUTTING', '2023-11-21', 'November', '2023', '2023-11-21', '17:26:10', '0000-00-00', '00:00:00', 1, 0),
('20231121174453', 'BPL', '96438', 1, 3, 'AKL', '20231115052608', '20231115052835', '20231115052954', '20231115053130', 'BPLPRINT', '2023-11-21', 'November', '2023', '2023-11-21', '17:44:53', '0000-00-00', '00:00:00', 1, 0),
('20231121174454', 'BPL', '96438', 1, 3, 'AKL', '20231115052608', '20231115052835', '20231115052954', '20231115053130', 'BPLPRINT', '2023-11-21', 'November', '2023', '2023-11-21', '17:44:54', '2023-11-22', '12:21:15', 3, 0),
('20231121174609', 'BPL', '96439', 1, 3, 'AKL', '20231108113422', '20231119144423', '20231119144614', '20231119144723', 'BPLPRINT', '2023-11-21', 'November', '2023', '2023-11-21', '17:46:09', '2023-11-21', '18:15:52', 3, 0),
('20231121175859', 'AKL', '213419', 1, 1, 'BPL', '20231108113422', '20231108113824', '20231108114247', '20231108115406', 'AKLCUTTING', '2023-11-21', 'November', '2023', '2023-11-21', '17:58:59', '2023-11-21', '23:57:33', 3, 0),
('20231121181539', 'AKL', '55961', 1, 1, 'BPL', '20231108113422', '20231121130740', '20231121131024', '20231121131218', 'AKLCUTTING', '2023-11-21', 'November', '2023', '2023-11-21', '18:15:39', '2023-11-21', '23:59:09', 3, 0),
('20231121183850', 'AKL', '72838', 1, 1, 'BPL', '20231121102719', '20231121102825', '20231121113456', '20231121113610', 'AKLCUTTING', '2023-11-21', 'November', '2023', '2023-11-21', '18:38:50', '0000-00-00', '00:00:00', 1, 0),
('20231121183851', 'AKL', '72838', 1, 1, 'BPL', '20231121102719', '20231121102825', '20231121113456', '20231121113610', 'AKLCUTTING', '2023-11-21', 'November', '2023', '2023-11-21', '18:38:51', '2023-11-23', '12:28:39', 3, 0),
('20231121192923', 'BPL', '96441', 1, 3, 'AKL', '20231115064930', '20231116114439', '20231116114853', '20231116115013', 'BPLPRINT', '2023-11-21', 'November', '2023', '2023-11-21', '19:29:23', '0000-00-00', '00:00:00', 1, 0),
('20231121192924', 'BPL', '96441', 1, 3, 'AKL', '20231115064930', '20231116114439', '20231116114853', '20231116115013', 'BPLPRINT', '2023-11-21', 'November', '2023', '2023-11-21', '19:29:24', '2023-11-21', '19:49:20', 3, 0),
('20231121193026', 'AKL', '213420', 1, 1, 'BPL', '20231108113422', '20231115062104', '20231115115840', '20231115120012', 'AKLCUTTING', '2023-11-21', 'November', '2023', '2023-11-21', '19:30:26', '2023-11-21', '20:30:08', 3, 0),
('20231121193056', 'BPL', '96440', 1, 3, 'AKL', '20231115065800', '20231120104526', '20231120104705', '20231120104933', 'BPLPRINT', '2023-11-21', 'November', '2023', '2023-11-21', '19:30:56', '2023-11-21', '19:49:08', 3, 0),
('20231121194921', 'AKL', '72837', 3, 1, 'JEL', '20231113114414', '20231120033832', '20231120034100', '20231120034232', 'AKLCUTTING', '2023-11-21', 'November', '2023', '2023-11-21', '19:49:21', '2023-11-21', '20:32:05', 3, 0),
('20231121195956', 'BPL', '96435', 1, 3, 'AKL', '20231115065348', '20231115102842', '20231115103100', '20231115103248', 'BPLPRINT', '2023-11-21', 'November', '2023', '2023-11-21', '19:59:56', '2023-11-22', '12:29:56', 3, 0),
('20231121200931', 'BPL', '96432', 1, 3, 'AKL', '20231108113422', '20231116145607', '20231116145800', '20231116145903', 'BPLPRINT', '2023-11-21', 'November', '2023', '2023-11-21', '20:09:31', '2023-11-22', '12:35:07', 3, 0),
('20231122082846', 'JEL', '26162', 3, 3, 'AKL', '20231108113422', '20231115125954', '20231115130110', '20231115130221', 'JELEMB', '2023-11-22', 'November', '2023', '2023-11-22', '08:28:46', '2023-11-22', '09:38:53', 3, 0),
('20231122083858', 'JEL', '26160', 3, 3, 'AKL', '20231113114414', '20231120033832', '20231120034100', '20231120034232', 'JELEMB', '2023-11-22', 'November', '2023', '2023-11-22', '08:38:59', '2023-11-22', '15:53:28', 3, 0),
('20231122084127', 'JEL', '26159', 3, 3, 'AKL', '20231108113422', '20231117042123', '20231117042542', '20231117042705', 'JELEMB', '2023-11-22', 'November', '2023', '2023-11-22', '08:41:27', '2023-11-22', '09:46:20', 3, 0),
('20231122084234', 'JEL', '26158', 3, 3, 'AKL', '20231115065800', '20231120132402', '20231120132539', '20231120132644', 'JELEMB', '2023-11-22', 'November', '2023', '2023-11-22', '08:42:34', '2023-11-22', '09:45:15', 3, 0),
('20231122084359', 'JEL', '26156', 3, 3, 'BPL', '20231115065348', '20231115102842', '20231115103100', '20231115103248', 'JELEMB', '2023-11-22', 'November', '2023', '2023-11-22', '08:43:59', '2023-11-22', '09:07:25', 3, 0),
('20231122084545', 'JEL', '26151', 3, 3, 'AKL', '20231113114414', '20231116072123', '20231116072302', '20231116072347', 'JELEMB', '2023-11-22', 'November', '2023', '2023-11-22', '08:45:45', '2023-11-22', '09:44:28', 3, 0),
('20231122084703', 'JEL', '26150', 3, 3, 'AKL', '20231108113422', '20231115125954', '20231115130110', '20231115130221', 'JELEMB', '2023-11-22', 'November', '2023', '2023-11-22', '08:47:03', '2023-11-22', '09:42:41', 3, 0),
('20231122085203', 'BPL', '96443', 1, 3, 'AKL', '20231108113422', '20231118061406', '20231118061538', '20231118061757', 'BPLPRINT', '2023-11-22', 'November', '2023', '2023-11-22', '08:52:03', '2023-11-22', '10:13:36', 3, 0),
('20231122085344', 'BPL', '96444', 1, 3, 'AKL', '20231108113422', '20231120092932', '20231120093631', '20231120093910', 'BPLPRINT', '2023-11-22', 'November', '2023', '2023-11-22', '08:53:44', '2023-11-22', '10:11:35', 3, 0),
('20231122085445', 'BPL', '96445', 1, 3, 'AKL', '20231108113422', '20231119144423', '20231119144614', '20231119144723', 'BPLPRINT', '2023-11-22', 'November', '2023', '2023-11-22', '08:54:45', '2023-11-22', '10:12:48', 3, 0),
('20231122085550', 'BPL', '96446', 1, 3, 'AKL', '20231108113422', '20231121062522', '20231121062816', '20231121063011', 'BPLPRINT', '2023-11-22', 'November', '2023', '2023-11-22', '08:55:50', '2023-11-22', '10:09:22', 3, 0),
('20231122085649', 'BPL', '96447', 1, 3, 'AKL', '20231108113422', '20231121064114', '20231121064419', '20231121064752', 'BPLPRINT', '2023-11-22', 'November', '2023', '2023-11-22', '08:56:49', '2023-11-22', '10:10:58', 3, 0),
('20231122090016', 'BPL', '96448', 1, 3, 'AKL', '20231108113422', '20231118034545', '20231118034653', '20231118034832', 'BPLPRINT', '2023-11-22', 'November', '2023', '2023-11-22', '09:00:16', '2023-11-22', '10:10:10', 3, 0),
('20231122090300', 'BPL', '96449', 1, 3, 'AKL', '20231108113422', '20231115062104', '20231115115840', '20231115120012', 'BPLPRINT', '2023-11-22', 'November', '2023', '2023-11-22', '09:03:00', '2023-11-22', '10:06:59', 3, 0),
('20231122090906', 'BPL', '96452', 1, 3, 'JEL', '20231108113422', '20231115125954', '20231115130110', '20231115130221', 'BPLPRINT', '2023-11-22', 'November', '2023', '2023-11-22', '09:09:06', '2023-11-22', '10:44:06', 3, 0),
('20231122091246', 'BPL', '96451', 1, 3, 'AKL', '20231108113422', '20231116145607', '20231116145800', '20231116145903', 'BPLPRINT', '2023-11-22', 'November', '2023', '2023-11-22', '09:12:46', '2023-11-22', '10:15:04', 3, 0),
('20231122101020', 'AKL', '213422', 1, 1, 'BPL', '20231108113422', '20231115062104', '20231115115840', '20231115120012', 'AKLCUTTING', '2023-11-22', 'November', '2023', '2023-11-22', '10:10:20', '2023-11-22', '10:46:46', 3, 0),
('20231122113124', 'BPL', '96455', 1, 3, 'AKL', '20231115065348', '20231115102842', '20231115103100', '20231115103248', 'BPLPRINT', '2023-11-22', 'November', '2023', '2023-11-22', '11:31:24', '2023-11-22', '12:17:39', 3, 0),
('20231122113329', 'BPL', '96456', 1, 3, 'AKL', '20231115052608', '20231115055618', '20231115055837', '20231115055936', 'BPLPRINT', '2023-11-22', 'November', '2023', '2023-11-22', '11:33:29', '2023-11-22', '12:17:02', 3, 0),
('20231122125847', 'BPL', '96457', 1, 3, 'AKL', '20231108113422', '20231115062104', '20231115115840', '20231115120012', 'BPLPRINT', '2023-11-22', 'November', '2023', '2023-11-22', '12:58:47', '0000-00-00', '00:00:00', 1, 0),
('20231122125848', 'BPL', '96457', 1, 3, 'AKL', '20231108113422', '20231115062104', '20231115115840', '20231115120012', 'BPLPRINT', '2023-11-22', 'November', '2023', '2023-11-22', '12:58:48', '2023-11-22', '15:47:41', 3, 0),
('20231122125945', 'BPL', '96458', 1, 3, 'AKL', '20231108113422', '20231119144423', '20231119144614', '20231119144723', 'BPLPRINT', '2023-11-22', 'November', '2023', '2023-11-22', '12:59:45', '2023-11-22', '15:48:57', 3, 0),
('20231122130052', 'BPL', '96459', 1, 3, 'AKL', '20231108113422', '20231121065636', '20231121070006', '20231121070228', 'BPLPRINT', '2023-11-22', 'November', '2023', '2023-11-22', '13:00:52', '2023-11-22', '15:52:09', 3, 0),
('20231122130729', 'AKL', '72842', 1, 1, 'BPL', '20231108113422', '20231118132836', '20231118132953', '20231118133052', 'AKLCUTTING', '2023-11-22', 'November', '2023', '2023-11-22', '13:07:29', '2023-11-22', '15:36:40', 3, 0),
('20231122130831', 'AKL', '72843', 1, 1, 'BPL', '20231108113422', '20231118132836', '20231118132953', '20231118133052', 'AKLCUTTING', '2023-11-22', 'November', '2023', '2023-11-22', '13:08:31', '2023-11-22', '15:37:07', 3, 0),
('20231122144606', 'BPL', '96460', 1, 3, 'AKL', '20231108113422', '20231121035857', '20231121040030', '20231121040354', 'BPLPRINT', '2023-11-22', 'November', '2023', '2023-11-22', '14:46:06', '2023-11-22', '15:50:13', 3, 0),
('20231122145124', 'BPL', '96461', 1, 3, 'AKL', '20231108113422', '20231121130740', '20231121131024', '20231121131218', 'BPLPRINT', '2023-11-22', 'November', '2023', '2023-11-22', '14:51:24', '2023-11-22', '15:53:58', 3, 0),
('20231122145318', 'BPL', '96462', 1, 3, 'AKL', '20231115065348', '20231115102842', '20231115103100', '20231115103248', 'BPLPRINT', '2023-11-22', 'November', '2023', '2023-11-22', '14:53:18', '2023-11-22', '15:54:11', 3, 0),
('20231122155747', 'AKL', '72844', 1, 1, 'BPL', '20231108113422', '20231118132836', '20231118132953', '20231118133052', 'AKLCUTTING', '2023-11-22', 'November', '2023', '2023-11-22', '15:57:47', '2023-11-22', '17:11:07', 3, 0),
('20231122155910', 'AKL', '72845', 3, 1, 'JEL', '20231113114414', '20231120033832', '20231120034100', '20231120034232', 'AKLCUTTING', '2023-11-22', 'November', '2023', '2023-11-22', '15:59:10', '0000-00-00', '00:00:00', 2, 0),
('20231122160025', 'AKL', '72846', 3, 1, 'JEL', '20231113114414', '20231122043901', '20231122044123', '20231122044224', 'AKLCUTTING', '2023-11-22', 'November', '2023', '2023-11-22', '16:00:25', '0000-00-00', '00:00:00', 2, 0),
('20231122160222', 'AKL', '55963', 1, 1, 'BPL', '20231108113422', '20231118061406', '20231118061538', '20231118061757', 'AKLCUTTING', '2023-11-22', 'November', '2023', '2023-11-22', '16:02:22', '2023-11-22', '17:08:02', 3, 0),
('20231122163124', 'AKL', '72844', 1, 1, 'BPL', '20231108113422', '20231122112547', '20231122112705', '20231122112812', 'AKLCUTTING', '2023-11-22', 'November', '2023', '2023-11-22', '16:31:24', '2023-11-22', '17:07:37', 3, 0),
('20231122163637', 'JEL', '26166', 3, 3, 'AKL', '20231113114414', '20231116072123', '20231116072302', '20231116072347', 'JELEMB', '2023-11-22', 'November', '2023', '2023-11-22', '16:36:37', '2023-11-22', '17:11:01', 3, 0),
('20231122163818', 'JEL', '26169', 3, 3, 'AKL', '20231108113422', '20231117042123', '20231117042542', '20231117042705', 'JELEMB', '2023-11-22', 'November', '2023', '2023-11-22', '16:38:18', '2023-11-22', '17:09:26', 3, 0),
('20231122163902', 'JEL', '26169', 3, 3, 'AKL', '20231108113422', '20231115103823', '20231115103950', '20231115104118', 'JELEMB', '2023-11-22', 'November', '2023', '2023-11-22', '16:39:02', '2023-11-22', '17:09:03', 3, 0),
('20231122173630', 'AKL', '72839', 3, 1, 'JEL', '20231113114414', '20231120033832', '20231120034100', '20231120034232', 'AKLCUTTING', '2023-11-22', 'November', '2023', '2023-11-22', '17:36:30', '0000-00-00', '00:00:00', 2, 0),
('20231122173900', 'AKL', '72840', 3, 1, 'JEL', '20231113114414', '20231122043901', '20231122044123', '20231122044224', 'AKLCUTTING', '2023-11-22', 'November', '2023', '2023-11-22', '17:39:00', '0000-00-00', '00:00:00', 2, 0),
('20231122174510', 'BPL', '96463', 1, 3, 'AKL', '20231108113422', '20231118061406', '20231118061538', '20231118061757', 'BPLPRINT', '2023-11-22', 'November', '2023', '2023-11-22', '17:45:10', '2023-11-23', '12:40:50', 3, 0),
('20231122174651', 'AKL', '72848', 1, 1, 'BPL', '20231113114414', '20231115063656', '20231115064014', '20231115064126', 'AKLCUTTING', '2023-11-22', 'November', '2023', '2023-11-22', '17:46:51', '2023-11-23', '17:02:59', 3, 0),
('20231122174759', 'AKL', '213421', 1, 1, 'BPL', '20231108113422', '20231115130834', '20231115131057', '20231115131306', 'AKLCUTTING', '2023-11-22', 'November', '2023', '2023-11-22', '17:47:59', '2023-11-23', '17:02:31', 3, 0),
('20231122174924', 'AKL', '72850', 1, 1, 'BPL', '20231115064811', '20231122045437', '20231122045619', '20231122045718', 'AKLCUTTING', '2023-11-22', 'November', '2023', '2023-11-22', '17:49:24', '0000-00-00', '00:00:00', 2, 0),
('20231122192110', 'BPL', '96465', 1, 3, 'AKL', '20231115064930', '20231116114439', '20231116114853', '20231116115013', 'BPLPRINT', '2023-11-22', 'November', '2023', '2023-11-22', '19:21:10', '2023-11-23', '12:40:28', 3, 0),
('20231122193754', 'AKL', '213423', 1, 1, 'BPL', '20231108113422', '20231116145607', '20231116145800', '20231116145903', 'AKLCUTTING', '2023-11-22', 'November', '2023', '2023-11-22', '19:37:54', '2023-11-22', '20:55:17', 3, 0),
('20231122193912', 'AKL', '72852', 1, 1, 'BPL', '20231115064811', '20231116035427', '20231116035554', '20231116035719', 'AKLCUTTING', '2023-11-22', 'November', '2023', '2023-11-22', '19:39:12', '2023-11-22', '20:51:32', 3, 0),
('20231122201604', 'AKL', '72853', 1, 1, 'BPL', '20231115064811', '20231122050107', '20231122050338', '20231122050704', 'AKLCUTTING', '2023-11-22', 'November', '2023', '2023-11-22', '20:16:04', '2023-11-22', '20:42:32', 3, 0),
('20231123082517', 'JEL', '26179', 3, 3, 'AKL', '20231108113422', '20231115125954', '20231115130110', '20231115130221', 'JELEMB', '2023-11-23', 'November', '2023', '2023-11-23', '08:25:17', '2023-11-23', '09:24:14', 3, 0),
('20231123082638', 'JEL', '26178', 3, 3, 'AKL', '20231108113422', '20231121062522', '20231121062816', '20231121063011', 'JELEMB', '2023-11-23', 'November', '2023', '2023-11-23', '08:26:38', '2023-11-23', '09:25:37', 3, 0),
('20231123082848', 'JEL', '26175', 3, 3, 'AKL', '20231108113422', '20231115103823', '20231115103950', '20231115104118', 'JELEMB', '2023-11-23', 'November', '2023', '2023-11-23', '08:28:48', '2023-11-23', '09:26:17', 3, 0),
('20231123083007', 'JEL', '26173', 3, 3, 'AKL', '20231113114414', '20231120033832', '20231120034100', '20231120034232', 'JELEMB', '2023-11-23', 'November', '2023', '2023-11-23', '08:30:07', '2023-11-23', '09:25:10', 3, 0),
('20231123083222', 'JEL', '26170', 3, 3, 'AKL', '20231113114414', '20231116072123', '20231116072302', '20231116072347', 'JELEMB', '2023-11-23', 'November', '2023', '2023-11-23', '08:32:22', '2023-11-23', '09:22:39', 3, 0),
('20231123083755', 'BPL', '96467', 1, 3, 'AKL', '20231108113422', '20231122112547', '20231122112705', '20231122112812', 'BPLPRINT', '2023-11-23', 'November', '2023', '2023-11-23', '08:37:55', '2023-11-23', '10:19:22', 3, 0),
('20231123085540', 'BPL', '96468', 1, 3, 'AKL', '20231115064930', '20231119104405', '20231119104535', '20231119104648', 'BPLPRINT', '2023-11-23', 'November', '2023', '2023-11-23', '08:55:40', '2023-11-23', '10:18:24', 3, 0),
('20231123093154', 'AKL', '72855', 1, 1, 'BPL', '20231115064811', '20231116035427', '20231116035554', '20231116035719', 'AKLCUTTING', '2023-11-23', 'November', '2023', '2023-11-23', '09:31:54', '2023-11-23', '12:23:14', 3, 0),
('20231123093302', 'AKL', '72858', 1, 1, 'BPL', '20231115064811', '20231122045437', '20231122045619', '20231122045718', 'AKLCUTTING', '2023-11-23', 'November', '2023', '2023-11-23', '09:33:02', '2023-11-23', '12:23:41', 3, 0),
('20231123093514', 'AKL', '55965', 1, 1, 'BPL', '20231108113422', '20231116143840', '20231116144031', '20231116144245', 'AKLCUTTING', '2023-11-23', 'November', '2023', '2023-11-23', '09:35:14', '2023-11-23', '12:27:31', 3, 0),
('20231123094125', 'BPL', '96470', 1, 3, 'AKL', '20231113114414', '20231117063607', '20231117063733', '20231117063858', 'BPLPRINT', '2023-11-23', 'November', '2023', '2023-11-23', '09:41:25', '2023-11-23', '10:16:59', 3, 0),
('20231123094320', 'BPL', '96471', 1, 3, 'AKL', '20231115064930', '20231117065145', '20231117065331', '20231117065444', 'BPLPRINT', '2023-11-23', 'November', '2023', '2023-11-23', '09:43:20', '0000-00-00', '00:00:00', 1, 0),
('20231123094321', 'BPL', '96471', 1, 3, 'AKL', '20231115064930', '20231117065145', '20231117065331', '20231117065444', 'BPLPRINT', '2023-11-23', 'November', '2023', '2023-11-23', '09:43:21', '2023-11-23', '10:16:33', 3, 0),
('20231123094911', 'BPL', '96472', 1, 3, 'AKL', '20231115064930', '20231117065145', '20231117065331', '20231117065444', 'BPLPRINT', '2023-11-23', 'November', '2023', '2023-11-23', '09:49:11', '2023-11-23', '10:19:40', 3, 0),
('20231123094912', 'BPL', '96472', 1, 3, 'AKL', '20231115064930', '20231117065145', '20231117065331', '20231117065444', 'BPLPRINT', '2023-11-23', 'November', '2023', '2023-11-23', '09:49:12', '0000-00-00', '00:00:00', 1, 0),
('20231123110311', 'AKL', '72847', 1, 1, 'BPL', '20231113114414', '20231121041834', '20231121042137', '20231121042238', 'AKLCUTTING', '2023-11-23', 'November', '2023', '2023-11-23', '11:03:11', '0000-00-00', '00:00:00', 1, 0),
('20231123110424', 'AKL', '72847', 1, 1, 'BPL', '20231113114414', '20231121041834', '20231121042137', '20231121042238', 'AKLCUTTING', '2023-11-23', 'November', '2023', '2023-11-23', '11:04:24', '2023-11-23', '12:24:54', 3, 0),
('20231123110610', 'AKL', '72859', 1, 1, 'BPL', '20231115065348', '20231115102842', '20231115103100', '20231115103248', 'AKLCUTTING', '2023-11-23', 'November', '2023', '2023-11-23', '11:06:10', '2023-11-23', '12:24:26', 3, 0),
('20231123110809', 'AKL', '72856', 3, 1, 'JEL', '20231113114414', '20231120040617', '20231120040823', '20231120040931', 'AKLCUTTING', '2023-11-23', 'November', '2023', '2023-11-23', '11:08:09', '2023-11-23', '12:19:48', 3, 0),
('20231123110913', 'AKL', '72851', 3, 1, 'JEL', '20231113114414', '20231120040617', '20231120040823', '20231120040931', 'AKLCUTTING', '2023-11-23', 'November', '2023', '2023-11-23', '11:09:13', '2023-11-23', '12:19:15', 3, 0),
('20231123150556', 'BPL', '96474', 1, 3, 'AKL', '20231115052608', '20231115052835', '20231115052954', '20231115053130', 'BPLPRINT', '2023-11-23', 'November', '2023', '2023-11-23', '15:05:56', '0000-00-00', '00:00:00', 2, 0),
('20231123152624', 'AKL', '213426', 3, 1, 'JEL', '20231113114414', '20231116072123', '20231116072302', '20231116072347', 'AKLCUTTING', '2023-11-23', 'November', '2023', '2023-11-23', '15:26:24', '2023-11-23', '15:58:55', 3, 0),
('20231123155024', 'BPL', '96477', 1, 3, 'AKL', '20231108113422', '20231115130834', '20231115131057', '20231115131306', 'BPLPRINT', '2023-11-23', 'November', '2023', '2023-11-23', '15:50:24', '2023-11-23', '16:35:55', 3, 0),
('20231123155757', 'AKL', '55967', 1, 1, 'BPL', '20231115064930', '20231123104541', '20231123104735', '20231123104848', 'AKLCUTTING', '2023-11-23', 'November', '2023', '2023-11-23', '15:57:57', '2023-11-23', '16:59:52', 3, 0),
('20231123155758', 'AKL', '55967', 1, 1, 'BPL', '20231115064930', '20231123104541', '20231123104735', '20231123104848', 'AKLCUTTING', '2023-11-23', 'November', '2023', '2023-11-23', '15:57:58', '0000-00-00', '00:00:00', 1, 0),
('20231123155905', 'BPL', '96476', 1, 3, 'AKL', '20231108113422', '20231116145607', '20231116145800', '20231116145903', 'BPLPRINT', '2023-11-23', 'November', '2023', '2023-11-23', '15:59:05', '2023-11-23', '16:36:19', 3, 0),
('20231123155951', 'AKL', '55966', 1, 1, 'BPL', '20231115064930', '20231123104541', '20231123104735', '20231123104848', 'AKLCUTTING', '2023-11-23', 'November', '2023', '2023-11-23', '15:59:51', '2023-11-23', '17:00:57', 3, 0),
('20231123160208', 'AKL', '55969', 1, 1, 'BPL', '20231115064930', '20231123104541', '20231123104735', '20231123104848', 'AKLCUTTING', '2023-11-23', 'November', '2023', '2023-11-23', '16:02:08', '2023-11-23', '17:00:35', 3, 0),
('20231123160209', 'AKL', '55969', 1, 1, 'BPL', '20231115064930', '20231123104541', '20231123104735', '20231123104848', 'AKLCUTTING', '2023-11-23', 'November', '2023', '2023-11-23', '16:02:09', '0000-00-00', '00:00:00', 1, 0),
('20231123160318', 'AKL', '55968', 1, 1, 'BPL', '20231115064930', '20231123104541', '20231123104735', '20231123104848', 'AKLCUTTING', '2023-11-23', 'November', '2023', '2023-11-23', '16:03:18', '2023-11-23', '17:00:10', 3, 0),
('20231123160426', 'AKL', '72860', 1, 1, 'BPL', '20231115064811', '20231122050107', '20231122050338', '20231122050704', 'AKLCUTTING', '2023-11-23', 'November', '2023', '2023-11-23', '16:04:26', '2023-11-23', '16:59:34', 3, 0),
('20231123161141', 'BPL', '96478', 1, 3, 'AKL', '20231108113422', '20231116143840', '20231116144031', '20231116144245', 'BPLPRINT', '2023-11-23', 'November', '2023', '2023-11-23', '16:11:41', '2023-11-23', '16:34:49', 3, 0),
('20231123161234', 'AKL', '72861', 1, 1, 'BPL', '20231115064811', '20231116033742', '20231116034201', '20231116034602', 'AKLCUTTING', '2023-11-23', 'November', '2023', '2023-11-23', '16:12:34', '2023-11-23', '16:59:12', 3, 0),
('20231123172603', 'AKL', '55971', 1, 1, 'BPL', '20231108113422', '20231123121847', '20231123122021', '20231123122125', 'AKLCUTTING', '2023-11-23', 'November', '2023', '2023-11-23', '17:26:03', '2023-11-23', '18:12:27', 3, 0),
('20231123172721', 'AKL', '72863', 1, 1, 'BPL', '20231121102719', '20231121102825', '20231123073450', '20231123073553', 'AKLCUTTING', '2023-11-23', 'November', '2023', '2023-11-23', '17:27:21', '2023-11-23', '18:12:35', 3, 0),
('20231123173746', 'AKL', '72862', 3, 1, 'JEL', '20231121102719', '20231123123303', '20231123123359', '20231123123456', 'AKLCUTTING', '2023-11-23', 'November', '2023', '2023-11-23', '17:37:46', '2023-11-23', '18:57:55', 3, 0),
('20231123174121', 'AKL', '72857', 3, 1, 'BPL', '20231113114414', '20231120041503', '20231120041617', '20231120041733', 'AKLCUTTING', '2023-11-23', 'November', '2023', '2023-11-23', '17:41:21', '0000-00-00', '00:00:00', 2, 0),
('20231123175654', 'AKL', '55970', 1, 1, 'BPL', '20231108113422', '20231115070002', '20231115070246', '20231115070344', 'AKLCUTTING', '2023-11-23', 'November', '2023', '2023-11-23', '17:56:54', '0000-00-00', '00:00:00', 1, 0),
('20231123175655', 'AKL', '55970', 1, 1, 'BPL', '20231108113422', '20231115070002', '20231115070246', '20231115070344', 'AKLCUTTING', '2023-11-23', 'November', '2023', '2023-11-23', '17:56:55', '0000-00-00', '00:00:00', 1, 0),
('20231123175809', 'AKL', '213424', 1, 1, 'BPL', '20231108113422', '20231115130834', '20231115131057', '20231115131306', 'AKLCUTTING', '2023-11-23', 'November', '2023', '2023-11-23', '17:58:09', '2023-11-23', '20:34:51', 3, 0),
('20231123184043', 'BPL', '96479', 1, 3, 'AKL', '20231115064930', '20231117065145', '20231117065331', '20231117065444', 'BPLPRINT', '2023-11-23', 'November', '2023', '2023-11-23', '18:40:43', '2023-11-23', '19:14:28', 3, 0),
('20231123192615', 'AKL', '55970', 1, 1, 'BPL', '20231108113422', '20231115070002', '20231115070246', '20231115070344', 'AKLCUTTING', '2023-11-23', 'November', '2023', '2023-11-23', '19:26:15', '2023-11-23', '20:33:54', 3, 0),
('20231123192616', 'AKL', '55970', 1, 1, 'BPL', '20231108113422', '20231115070002', '20231115070246', '20231115070344', 'AKLCUTTING', '2023-11-23', 'November', '2023', '2023-11-23', '19:26:16', '0000-00-00', '00:00:00', 1, 0),
('20231123193100', 'BPL', '96481', 1, 3, 'AKL', '20231113114414', '20231117070752', '20231117070911', '20231117071056', 'BPLPRINT', '2023-11-23', 'November', '2023', '2023-11-23', '19:31:00', '2023-11-23', '20:04:47', 3, 0),
('20231123193155', 'AKL', '72866', 1, 1, 'BPL', '20231115064811', '20231122045437', '20231122045619', '20231122045718', 'AKLCUTTING', '2023-11-23', 'November', '2023', '2023-11-23', '19:31:55', '2023-11-23', '20:33:09', 3, 0),
('20231123193206', 'BPL', '96480', 1, 3, 'AKL', '20231113114414', '20231121041834', '20231121042137', '20231121042238', 'BPLPRINT', '2023-11-23', 'November', '2023', '2023-11-23', '19:32:06', '2023-11-24', '07:54:46', 3, 0),
('20231123193527', 'AKL', '72865', 1, 1, 'BPL', '20231115064811', '20231116033742', '20231116034201', '20231116034602', 'AKLCUTTING', '2023-11-23', 'November', '2023', '2023-11-23', '19:35:27', '2023-11-23', '20:32:28', 3, 0),
('20231123194846', 'AKL', '213427', 1, 1, 'BPL', '20231108113422', '20231118040759', '20231118040942', '20231118041038', 'AKLCUTTING', '2023-11-23', 'November', '2023', '2023-11-23', '19:48:46', '2023-11-23', '20:31:10', 3, 0),
('20231123201608', 'BPL', '96482', 1, 3, 'AKL', '20231108113422', '20231115130834', '20231115131057', '20231115131306', 'BPLPRINT', '2023-11-23', 'November', '2023', '2023-11-23', '20:16:08', '2023-11-24', '07:53:49', 3, 0),
('20231123201713', 'BPL', '96483', 1, 3, 'AKL', '20231108113422', '20231118040759', '20231118040942', '20231118041038', 'BPLPRINT', '2023-11-23', 'November', '2023', '2023-11-23', '20:17:13', '2023-11-24', '07:52:05', 3, 0),
('20231123201804', 'BPL', '96484', 1, 3, 'AKL', '20231108113422', '20231115070002', '20231115070246', '20231115070344', 'BPLPRINT', '2023-11-23', 'November', '2023', '2023-11-23', '20:18:04', '2023-11-24', '07:55:30', 3, 0),
('20231123204707', 'BPL', '96485', 1, 3, 'AKL', '20231121102719', '20231121102825', '20231121102942', '20231121103039', 'BPLPRINT', '2023-11-23', 'November', '2023', '2023-11-23', '20:47:07', '2023-11-24', '07:53:15', 3, 0),
('20231123204708', 'BPL', '96485', 1, 3, 'AKL', '20231121102719', '20231121102825', '20231121102942', '20231121103039', 'BPLPRINT', '2023-11-23', 'November', '2023', '2023-11-23', '20:47:08', '0000-00-00', '00:00:00', 1, 0),
('20231124082517', 'JEL', '26191', 3, 3, 'AKL', '20231108113422', '20231115125954', '20231115130110', '20231115130221', 'JELEMB', '2023-11-23', 'November', '2023', '2023-11-24', '08:25:17', '2023-11-24', '09:06:23', 3, 0),
('20231124082620', 'JEL', '26198', 3, 3, 'AKL', '20231108113422', '20231115125954', '20231115130110', '20231115130221', 'JELEMB', '2023-11-23', 'November', '2023', '2023-11-24', '08:26:20', '2023-11-24', '09:07:39', 3, 0),
('20231124082815', 'JEL', '26195', 3, 3, 'AKL', '20231108113422', '20231115103823', '20231115103950', '20231115104118', 'JELEMB', '2023-11-23', 'November', '2023', '2023-11-24', '08:28:15', '2023-11-24', '09:08:50', 3, 0),
('20231124082905', 'JEL', '26194', 3, 3, 'AKL', '20231113114414', '20231116072123', '20231116072302', '20231116072347', 'JELEMB', '2023-11-23', 'November', '2023', '2023-11-24', '08:29:05', '2023-11-24', '09:09:43', 3, 0),
('20231124083007', 'JEL', '26189', 3, 3, 'AKL', '20231113114414', '20231120033832', '20231120034100', '20231120034232', 'JELEMB', '2023-11-23', 'November', '2023', '2023-11-24', '08:30:07', '2023-11-24', '09:10:09', 3, 0),
('20231124094105', 'AKL', '72868', 3, 1, 'JEL', '20231113114414', '20231120053146', '20231120053317', '20231120053415', 'AKLCUTTING', '2023-11-24', 'November', '2023', '2023-11-24', '09:41:05', '2023-11-25', '09:49:18', 3, 0),
('20231124094257', 'AKL', '72867', 3, 1, 'JEL', '20231113114414', '20231120040617', '20231120040823', '20231120040931', 'AKLCUTTING', '2023-11-24', 'November', '2023', '2023-11-24', '09:42:57', '2023-11-25', '09:51:56', 3, 0),
('20231124102637', 'AKL', '72867', 3, 1, 'JEL', '20231113114414', '20231120040617', '20231120040823', '20231120040931', 'AKLCUTTING', '2023-11-24', 'November', '2023', '2023-11-24', '10:26:37', '2023-11-25', '09:51:11', 3, 0),
('20231127112343', 'HO', 'test_ecru_2', 1, 1, 'BPL', '20231108113422', '20231114112057', '20231114112851', '20231114113024', 'HO926', '2023-11-27', 'November', '2023', '2023-11-27', '11:23:43', '0000-00-00', '00:00:00', 1, 0),
('20231127113144', 'HO', 'test_ecru_2', 1, 1, 'BPL', '20231108113422', '20231114112057', '20231114112851', '20231114113024', 'HO926', '2023-11-27', 'November', '2023', '2023-11-27', '11:31:44', '0000-00-00', '00:00:00', 1, 0),
('20231127170925', 'AKL', 'testing_dunnes', 1, 1, 'BPL', '20231115052608', '20231115052835', '20231115052954', '20231115053130', 'AKLCUTTING', '2023-11-27', 'November', '2023', '2023-11-27', '17:09:25', '0000-00-00', '00:00:00', 2, 0),
('20231204120704', 'HO', 'c-4-12-2023', 1, 1, 'AKL', '20231115052608', '20231115052835', '20231115052954', '20231115053130', 'HO926', '2023-12-04', 'December', '2023', '2023-12-04', '12:07:04', '0000-00-00', '00:00:00', 1, 0),
('20231204120926', 'AKL', 'c1-4-12-2023', 1, 1, 'AKL', '20231115052608', '20231115052835', '20231115052954', '20231115053130', 'AKLCUTTING', '2023-12-04', 'December', '2023', '2023-12-04', '12:09:26', '0000-00-00', '00:00:00', 1, 0),
('20231204134011', 'AKL', 'rr', 1, 1, 'AKL', '20231115052608', '20231115052835', '20231115052954', '20231115053130', 'AKLCUTTING', '2023-12-04', 'December', '2023', '2023-12-04', '13:40:11', '0000-00-00', '00:00:00', 1, 0),
('20231204134121', 'AKL', 'qq', 1, 1, 'AKL', '20231108113422', '20231114112057', '20231114112851', '20231114113024', 'AKLCUTTING', '2023-12-04', 'December', '2023', '2023-12-04', '13:41:21', '0000-00-00', '00:00:00', 1, 0),
('20231204134409', 'AKL', '11', 1, 1, 'BPL', '20231113114414', '20231113114602', '20231113114721', '20231113114948', 'AKLCUTTING', '2023-12-04', 'December', '2023', '2023-12-04', '13:44:09', '0000-00-00', '00:00:00', 1, 0),
('20231204134411', 'AKL', 'tt', 1, 1, 'BPL', '20231113114414', '20231113114602', '20231113114721', '20231113114948', 'AKLCUTTING', '2023-12-04', 'December', '2023', '2023-12-04', '13:44:11', '0000-00-00', '00:00:00', 1, 0),
('20231204134654', 'AKL', 'zz', 1, 1, 'BPL', '20231108113422', '20231108113824', '20231108114247', '20231108115406', 'AKLCUTTING', '2023-12-04', 'December', '2023', '2023-12-04', '13:46:54', '0000-00-00', '00:00:00', 1, 0),
('20231204163159', 'AKL', 'change-1', 1, 1, 'BPL', '20231115052608', '20231115052835', '20231115052954', '20231115053130', 'AKLCUTTING', '2023-12-04', 'December', '2023', '2023-12-04', '16:31:59', '0000-00-00', '00:00:00', 1, 0),
('20231204163302', 'AKL', 'change-2', 1, 1, 'BPL', '20231115052608', '20231115052835', '20231115052954', '20231115053130', 'AKLCUTTING', '2023-12-04', 'December', '2023', '2023-12-04', '16:33:02', '0000-00-00', '00:00:00', 1, 0),
('20231204165858', 'AKL', 'challan-1', 1, 1, 'AKL', '20231108113422', '20231114112057', '20231114112851', '20231114113024', 'AKLCUTTING', '2023-12-04', 'December', '2023', '2023-12-04', '16:58:58', '0000-00-00', '00:00:00', 1, 0),
('20231204170037', 'AKL', 'challan-2', 1, 1, 'AKL', '20231108113422', '20231114112057', '20231114112851', '20231114113024', 'AKLCUTTING', '2023-12-04', 'December', '2023', '2023-12-04', '17:00:37', '0000-00-00', '00:00:00', 1, 0),
('20231204170134', 'AKL', 'challan-3', 1, 1, 'BPL', '20231108113422', '20231114112057', '20231114112851', '20231114113024', 'AKLCUTTING', '2023-12-04', 'December', '2023', '2023-12-04', '17:01:34', '0000-00-00', '00:00:00', 2, 0),
('20231204170238', 'AKL', 'challan-4', 1, 1, 'BPL', '20231108113422', '20231114112057', '20231114112851', '20231114113024', 'AKLCUTTING', '2023-12-04', 'December', '2023', '2023-12-04', '17:02:38', '0000-00-00', '00:00:00', 1, 0),
('20231205110853', 'AKL', 'mush-2', 1, 1, 'BPL', '20231115052608', '20231115055618', '20231115055837', '20231115055936', 'AKLCUTTING', '1970-01-01', 'January', '1970', '2023-12-05', '11:08:53', '0000-00-00', '00:00:00', 1, 0),
('20231205111021', 'AKL', 'mush-3', 1, 1, 'BPL', '20231115052608', '20231115055618', '20231115055837', '20231115055936', 'AKLCUTTING', '1970-01-01', 'January', '1970', '2023-12-05', '11:10:21', '0000-00-00', '00:00:00', 1, 0),
('20231205111332', 'AKL', 'mush-4', 1, 1, 'BPL', '20231115052608', '20231115055618', '20231115055837', '20231115055936', 'AKLCUTTING', '2023-12-05', 'December', '2023', '2023-12-05', '11:13:32', '0000-00-00', '00:00:00', 2, 0),
('20231205111430', 'AKL', 'mush-5', 1, 1, 'BPL', '20231115052608', '20231115055618', '20231115055837', '20231115055936', 'AKLCUTTING', '2023-12-05', 'December', '2023', '2023-12-05', '11:14:30', '0000-00-00', '00:00:00', 2, 0),
('20231205111552', 'AKL', 'mush-6', 1, 1, 'BPL', '20231115052608', '20231115055618', '20231115055837', '20231115055936', 'AKLCUTTING', '2023-12-05', 'December', '2023', '2023-12-05', '11:15:52', '2023-12-17', '11:39:21', 3, 0),
('20231205111704', 'AKL', 'mush-7', 1, 1, 'BPL', '20231115052608', '20231115055618', '20231115055837', '20231115055936', 'AKLCUTTING', '2023-12-04', 'December', '2023', '2023-12-05', '11:17:04', '2023-12-17', '09:16:21', 3, 0),
('20231214171345', 'HO', 'csize-1', 1, 1, 'BPL', '20231113114414', '20231113114602', '20231113114721', '20231113114948', 'HO926', '2023-12-14', 'December', '2023', '2023-12-14', '17:13:45', '0000-00-00', '00:00:00', 1, 0),
('20231214173934', 'HO', 'csize-2', 1, 1, 'AKL', '20231115064930', '20231116043638', '20231116043817', '20231116043936', 'HO926', '2023-12-14', 'December', '2023', '2023-12-14', '17:39:34', '0000-00-00', '00:00:00', 1, 0),
('20231217105437', 'AKL', 'tao-1', 1, 1, 'BPL', '20231113114414', '20231113114602', '20231113114721', '20231113114948', 'AKLCUTTING', '2023-12-17', 'December', '2023', '2023-12-17', '10:54:37', '2023-12-17', '11:39:46', 3, 0),
('20231217163134', 'AKL', '2nd-1', 1, 1, 'BPL', '20231113114414', '20231113114602', '20231113114721', '20231113114948', 'AKLCUTTING', '2023-12-17', 'December', '2023', '2023-12-17', '16:31:34', '2023-12-17', '16:44:05', 3, 0),
('20231217164628', 'AKL', '2nd-2', 1, 1, 'BPL', '20231113114414', '20231113114602', '20231113114721', '20231113114948', 'AKLCUTTING', '2023-12-17', 'December', '2023', '2023-12-17', '16:46:28', '2023-12-17', '16:49:27', 3, 0),
('20231217170343', 'AKL', '2nd-3', 1, 1, 'BPL', '20231113114414', '20231113114602', '20231113114721', '20231113114948', 'AKLCUTTING', '2023-12-17', 'December', '2023', '2023-12-17', '17:03:43', '2023-12-17', '17:04:26', 3, 0),
('20231217170541', 'AKL', '2nd-4', 1, 1, 'BPL', '20231113114414', '20231113114602', '20231113114721', '20231113114948', 'AKLCUTTING', '2023-12-17', 'December', '2023', '2023-12-17', '17:05:41', '2023-12-17', '17:06:12', 3, 0),
('20231217171100', 'AKL', '2nd-5', 1, 1, 'BPL', '20231113114414', '20231113114602', '20231113114721', '20231113114948', 'AKLCUTTING', '2023-12-17', 'December', '2023', '2023-12-17', '17:11:00', '2023-12-17', '17:11:31', 3, 0),
('20231218100516', 'AKL', '2nd-6', 1, 1, 'BPL', '20231113114414', '20231113114602', '20231113114721', '20231113114948', 'AKLCUTTING', '2023-12-18', 'December', '2023', '2023-12-18', '10:05:16', '2023-12-18', '10:06:09', 3, 0),
('20231218101950', 'AKL', '2nd-7', 1, 1, 'BPL', '20231113114414', '20231113114602', '20231113114721', '20231113114948', 'AKLCUTTING', '2023-12-18', 'December', '2023', '2023-12-18', '10:19:50', '2023-12-18', '10:20:31', 3, 0),
('20231218102153', 'AKL', '2nd-8', 1, 1, 'BPL', '20231113114414', '20231113114602', '20231113114721', '20231113114948', 'AKLCUTTING', '2023-12-18', 'December', '2023', '2023-12-18', '10:21:53', '2023-12-18', '10:22:26', 3, 0),
('20231218102555', 'AKL', '2nd-9', 1, 1, 'BPL', '20231113114414', '20231113114602', '20231113114721', '20231113114948', 'AKLCUTTING', '2023-12-18', 'December', '2023', '2023-12-18', '10:25:55', '2023-12-18', '10:26:28', 3, 0),
('20231218102800', 'AKL', '2nd-10', 1, 1, 'BPL', '20231113114414', '20231113114602', '20231113114721', '20231113114948', 'AKLCUTTING', '2023-12-18', 'December', '2023', '2023-12-18', '10:28:00', '2023-12-18', '10:28:40', 3, 0),
('20231218103046', 'AKL', '2nd-11', 1, 1, 'BPL', '20231113114414', '20231113114602', '20231113114721', '20231113114948', 'AKLCUTTING', '2023-12-18', 'December', '2023', '2023-12-18', '10:30:46', '2023-12-18', '10:37:17', 3, 0),
('20231218103852', 'AKL', '2nd-12', 1, 1, 'BPL', '20231113114414', '20231113114602', '20231113114721', '20231113114948', 'AKLCUTTING', '2023-12-18', 'December', '2023', '2023-12-18', '10:38:52', '2023-12-18', '10:50:24', 3, 0),
('20231218105656', 'AKL', '2nd-13', 1, 1, 'BPL', '20231113114414', '20231113114602', '20231113114721', '20231113114948', 'AKLCUTTING', '2023-12-18', 'December', '2023', '2023-12-18', '10:56:56', '2023-12-18', '10:58:17', 3, 0),
('20231218110555', 'AKL', '2nd-14', 1, 1, 'BPL', '20231113114414', '20231113114602', '20231113114721', '20231113114948', 'AKLCUTTING', '2023-12-18', 'December', '2023', '2023-12-18', '11:05:55', '2023-12-18', '11:06:30', 3, 0),
('20231218111108', 'AKL', '2nd-15', 1, 1, 'BPL', '20231113114414', '20231113114602', '20231113114721', '20231113114948', 'AKLCUTTING', '2023-12-18', 'December', '2023', '2023-12-18', '11:11:08', '2023-12-18', '11:12:45', 3, 0),
('20231218112528', 'AKL', '2nd-16', 1, 1, 'BPL', '20231113114414', '20231113114602', '20231113114721', '20231113114948', 'AKLCUTTING', '2023-12-18', 'December', '2023', '2023-12-18', '11:25:28', '2023-12-18', '11:26:00', 3, 0),
('20231218112830', 'AKL', '2nd-17', 1, 1, 'BPL', '20231113114414', '20231113114602', '20231113114721', '20231113114948', 'AKLCUTTING', '2023-12-18', 'December', '2023', '2023-12-18', '11:28:30', '2023-12-18', '11:28:59', 3, 0),
('20231218115437', 'AKL', '2nd-18', 1, 1, 'BPL', '20231113114414', '20231113114602', '20231113114721', '20231113114948', 'AKLCUTTING', '2023-12-18', 'December', '2023', '2023-12-18', '11:54:37', '2023-12-18', '11:55:29', 3, 0),
('20231219152041', 'AKL', '2nd-19', 1, 1, 'BPL', '20231113114414', '20231113114602', '20231113114721', '20231113114948', 'AKLCUTTING', '2023-12-19', 'December', '2023', '2023-12-19', '15:20:41', '2023-12-19', '15:22:45', 3, 1),
('20240103122503', 'HO', '111', 0, 0, '', '', '', '', '', 'HO926', '2024-01-03', 'January', '2024', '2024-01-03', '12:25:03', '0000-00-00', '00:00:00', 1, 1);

-- --------------------------------------------------------

--
-- Table structure for table `challanm2_insert`
--

CREATE TABLE `challanm2_insert` (
  `chmid2` varchar(50) NOT NULL,
  `chmid1` varchar(50) NOT NULL,
  `colorid` varchar(50) NOT NULL,
  `sizeid` varchar(50) NOT NULL,
  `gpid` varchar(50) NOT NULL,
  `sqty` float NOT NULL,
  `rqty` float NOT NULL,
  `puomid` int(11) NOT NULL,
  `bag` int(11) NOT NULL,
  `sremarks` varchar(500) NOT NULL,
  `rremarks` varchar(500) NOT NULL,
  `challanm2status` int(11) NOT NULL
) ENGINE=InnoDB DEFAULT CHARSET=utf8mb4;

--
-- Dumping data for table `challanm2_insert`
--

INSERT INTO `challanm2_insert` (`chmid2`, `chmid1`, `colorid`, `sizeid`, `gpid`, `sqty`, `rqty`, `puomid`, `bag`, `sremarks`, `rremarks`, `challanm2status`) VALUES
('202311081704410', '20231108170441', '', '', '2', 322, 322, 3, 1, '', 'Ok', 0),
('202311131700300', '20231113170030', '', '', '1', 500, 500, 3, 1, 'Test', 'Ok', 0),
('202311150856150', '20231115085615', '', '', '2', 576, 0, 3, 2, '', '', 0),
('202311151044080', '20231115104408', '', '', '5', 407, 407, 3, 1, '', 'ok', 0),
('202311151055211', '20231115105521', '', '', '5', 495, 0, 3, 1, '', 'ok', 0),
('202311151103480', '20231115110348', '', '', '5', 99, 0, 3, 1, '', '', 0),
('202311151107511', '20231115110751', '', '', '5', 176, 0, 3, 1, '', '', 0),
('202311151110532', '20231115111053', '', '', '5', 176, 0, 3, 1, '', '', 0),
('202311151114173', '20231115111417', '', '', '5', 132, 0, 3, 1, '', '', 0),
('202311151145510', '20231115114551', '', '', '5', 3496, 0, 3, 2, '', '', 0),
('202311151213011', '20231115121301', '', '', '2', 272, 272, 3, 1, '', 'ok.', 0),
('202311151214190', '20231115121419', '', '', '2', 176, 176, 3, 1, '', 'ok', 0),
('202311151215582', '20231115121558', '', '', '2', 168, 168, 3, 1, '', 'Ok', 0),
('202311151255120', '20231115125512', '', '', '5', 72804, 50, 3, 1, '', 'ok', 0),
('202311151309360', '20231115130936', '', '', '5', 125, 125, 3, 1, '', 'OK', 0),
('202311151346200', '20231115134620', '', '', '5', 125, 0, 3, 1, '', 'OK', 0),
('202311151507500', '20231115150750', '', '', '6', 135, 135, 3, 1, '', 'ok.', 0),
('202311151517040', '20231115151704', '', '', '2', 40, 0, 3, 1, '', '', 0),
('202311151522520', '20231115152252', '', '', '2', 16, 0, 3, 1, '', '', 0),
('202311151536390', '20231115153639', '', '', '7', 256, 0, 3, 2, '', '', 0),
('202311151545070', '20231115154507', '', '', '2', 3072, 3072, 3, 2, '', 'Ok', 0),
('202311151546370', '20231115154637', '', '', '5', 3072, 3072, 3, 2, '', 'Ok', 0),
('202311151613060', '20231115161306', '', '', '5', 496, 0, 3, 1, '', '', 0),
('202311151615070', '20231115161507', '', '', '5', 2630, 0, 3, 2, '', '', 0),
('202311151703570', '20231115170357', '', '', '2', 2116, 0, 3, 3, '', 'Ok', 0),
('202311151712300', '20231115171230', '', '', '2', 300, 300, 3, 1, '', 'Ok', 0),
('202311151718111', '20231115171811', '', '', '2', 290, 290, 3, 1, '', 'Ok', 0),
('202311151909390', '20231115190939', '', '', '2', 510, 0, 3, 1, '', '', 0),
('202311151911170', '20231115191117', '', '', '2', 875, 0, 3, 1, '', '', 0),
('202311151912490', '20231115191249', '', '', '2', 1221, 0, 3, 1, '', '', 0),
('202311151914020', '20231115191402', '', '', '2', 1221, 0, 3, 1, '', '', 0),
('202311151932380', '20231115193238', '', '', '2', 1060, 0, 3, 2, '', 'ok', 0),
('202311160833220', '20231116083322', '', '', '2', 755, 0, 3, 1, '', '', 0),
('202311160835060', '20231116083506', '', '', '2', 856, 0, 3, 1, '', '', 0),
('202311160850370', '20231116085037', '', '', '5', 50, 0, 3, 1, '', '', 0),
('202311160946040', '20231116094604', '', '', '5', 198, 0, 3, 0, '', '', 0),
('202311160953361', '20231116095336', '', '', '5', 132, 0, 3, 1, '', '', 0),
('202311160957340', '20231116095734', '', '', '2', 2608, 0, 3, 2, '', '', 0),
('202311160959380', '20231116095938', '', '', '5', 2608, 0, 3, 2, '', '', 0),
('202311161010190', '20231116101019', '', '', '2', 12, 0, 3, 1, '', '', 0),
('202311161119450', '20231116111945', '', '', '2', 675, 0, 3, 1, '', '', 0),
('202311161121460', '20231116112146', '', '', '2', 492, 0, 3, 1, '', '', 0),
('202311161150580', '20231116115058', '', '', '2', 14, 0, 3, 0, '', '', 0),
('202311161153060', '20231116115306', '', '', '2', 36, 0, 3, 1, '', '', 0),
('202311161202470', '20231116120247', '', '', '2', 12, 0, 3, 1, '', '', 0),
('202311161523410', '20231116152341', '', '', '2', 1127, 0, 3, 2, '', '', 0),
('202311161639290', '20231116163929', '', '', '2', 1100, 0, 3, 3, '', '', 0),
('202311161654110', '20231116165411', '', '', '5', 1020, 0, 3, 2, '', '', 0),
('202311161728131', '20231116172813', '', '', '2', 2496, 0, 3, 1, 'ATL-508', '', 0),
('202311161735081', '20231116173508', '', '', '5', 2496, 0, 3, 1, 'ATL-508', '', 0),
('202311161915100', '20231116191510', '', '', '2', 899, 0, 3, 1, '', '', 0),
('202311161916510', '20231116191651', '', '', '2', 777, 0, 3, 1, '', '', 0),
('202311161918050', '20231116191805', '', '', '2', 269, 0, 3, 1, '', '', 0),
('202311161919571', '20231116191957', '', '', '2', 96, 0, 3, 0, '', '', 0),
('202311161926120', '20231116192612', '', '', '5', 105, 0, 3, 1, '', '', 0),
('202311161949320', '20231116194932', '', '', '2', 112, 0, 3, 1, '', '', 0),
('202311162002220', '20231116200222', '', '', '2', 175, 0, 3, 1, '', '', 0),
('202311162025470', '20231116202547', '', '', '2', 70, 0, 3, 1, '', '', 0),
('202311162035430', '20231116203543', '', '', '2', 628, 0, 3, 2, '', '', 0),
('202311170910010', '20231117091001', '', '', '2', 42, 0, 3, 0, '', '', 0),
('202311170911020', '20231117091102', '', '', '2', 100, 0, 3, 1, '', '', 0),
('202311170912320', '20231117091232', '', '', '2', 24, 0, 3, 0, '', '', 0),
('202311170917201', '20231117091720', '', '', '5', 1050, 0, 3, 2, '', '', 0),
('202311170943330', '20231117094333', '', '', '2', 1605, 0, 3, 1, '', '', 0),
('202311170945040', '20231117094504', '', '', '5', 1605, 0, 3, 1, '', '', 0),
('202311171013091', '20231117101309', '', '', '2', 1968, 1968, 3, 1, '', 'ok.', 0),
('202311171014331', '20231117101433', '', '', '5', 1968, 0, 3, 1, '', '', 0),
('202311171126310', '20231117112631', '', '', '2', 631, 0, 3, 1, '', '', 0),
('202311171127540', '20231117112754', '', '', '2', 758, 758, 3, 1, '', 'ok', 0),
('202311171129170', '20231117112917', '', '', '2', 850, 0, 3, 1, '', '', 0),
('202311171131250', '20231117113125', '', '', '2', 379, 0, 3, 1, '', '', 0),
('202311171150350', '20231117115035', '', '', '5', 3496, 0, 3, 3, '', '', 0),
('202311171159390', '20231117115939', '', '', '5', 750, 0, 3, 1, '', '', 0),
('202311171232340', '20231117123234', '', '', '5', 2790, 0, 3, 2, '', '', 0),
('202311171235390', '20231117123539', '', '', '5', 3463, 0, 3, 4, '', '', 0),
('202311171241430', '20231117124143', '', '', '2', 1058, 0, 3, 3, '', '', 0),
('202311171245030', '20231117124503', '', '', '2', 628, 0, 3, 2, '', '', 0),
('202311171250540', '20231117125054', '', '', '2', 2724, 0, 3, 2, '', '', 0),
('202311171308280', '20231117130828', '', '', '', 112, 0, 3, 1, 'TOP&BTM', '', 0),
('202311171456300', '20231117145630', '', '', '4', 913, 0, 3, 1, '', '', 0),
('202311171459390', '20231117145939', '', '', '5', 11, 0, 3, 1, '', '', 0),
('202311171604261', '20231117160426', '', '', '2', 4200, 0, 3, 3, '', '', 0),
('202311171605580', '20231117160558', '', '', '2', 1056, 0, 3, 3, '', '', 0),
('202311171608400', '20231117160840', '', '', '2', 584, 0, 3, 1, '', '', 0),
('202311171613560', '20231117161356', '', '', '2', 572, 0, 3, 1, '', '', 0),
('202311171617510', '20231117161751', '', '', '2', 722, 0, 3, 1, '', '', 0),
('202311171633590', '20231117163359', '', '', '2', 2012, 0, 3, 2, '', '', 0),
('202311171635220', '20231117163522', '', '', '2', 24, 0, 3, 1, '', '', 0),
('202311171638090', '20231117163809', '', '', '2', 166, 0, 3, 1, '', '', 0),
('202311171640020', '20231117164002', '', '', '2', 174, 0, 3, 1, '', '', 0),
('202311171641190', '20231117164119', '', '', '2', 70, 0, 3, 1, '', '', 0),
('202311171642541', '20231117164254', '', '', '2', 171, 0, 3, 0, '', '', 0),
('202311171703582', '20231117170358', '', '', '5', 380, 0, 3, 1, '', '', 0),
('202311171708212', '20231117170821', '', '', '5', 600, 0, 3, 1, '', '', 0),
('202311171709301', '20231117170930', '', '', '5', 800, 0, 3, 1, '', '', 0),
('202311171712250', '20231117171225', '', '', '5', 2070, 0, 3, 2, '', '', 0),
('202311171713320', '20231117171332', '', '', '5', 2070, 0, 3, 1, '', '', 0),
('202311180839351', '20231118083935', '', '', '4', 2714, 0, 3, 2, '', '', 0),
('202311180843250', '20231118084325', '', '', '4', 850, 0, 3, 2, '', '', 0),
('202311180859010', '20231118085901', '', '', '4', 702, 0, 3, 1, '', '', 0),
('202311180859550', '20231118085955', '', '', '4', 70, 0, 3, 1, '', '', 0),
('202311180918030', '20231118091803', '', '', '2', 319, 0, 3, 1, '', '', 0),
('202311180942020', '20231118094202', '', '', '2', 408, 0, 3, 1, '', '', 0),
('202311180944130', '20231118094413', '', '', '2', 408, 0, 3, 1, '', '', 0),
('202311180946290', '20231118094629', '', '', '2', 62, 0, 3, 1, '', '', 0),
('202311180947320', '20231118094732', '', '', '2', 499, 0, 3, 1, '', '', 0),
('202311181017320', '20231118101732', '', '', '2', 1640, 0, 3, 4, '', '', 0),
('202311181102390', '20231118110239', '', '', '5', 1002, 0, 3, 3, '', '', 0),
('202311181145390', '20231118114539', '', '', '1', 23, 0, 3, 1, '', '', 0),
('202311181146480', '20231118114648', '', '', '1', 30, 0, 3, 0, '', '', 0),
('202311181205180', '20231118120518', '', '', '4', 1200, 0, 3, 3, '', '', 0),
('202311181206580', '20231118120658', '', '', '5', 50, 0, 3, 1, '', '', 0),
('202311181208130', '20231118120813', '', '', '5', 11, 0, 3, 1, '', '', 0),
('202311181211100', '20231118121110', '', '', '7', 736, 0, 3, 1, 'set', '', 0),
('202311181216371', '20231118121637', '', '', '4', 1968, 0, 3, 1, '', '', 0),
('202311181218090', '20231118121809', '', '', '5', 4356, 0, 3, 3, '', '', 0),
('202311181252431', '20231118125243', '', '', '2', 1800, 0, 3, 2, '', '', 0),
('202311181427360', '20231118142736', '', '', '2', 5716, 0, 3, 5, '', '', 0),
('202311181606410', '20231118160641', '', '', '2', 1147, 0, 3, 3, '', '', 0),
('202311181609160', '20231118160916', '', '', '2', 1200, 0, 3, 3, '', '', 0),
('202311181611430', '20231118161143', '', '', '2', 160, 0, 3, 1, '', '', 0),
('202311181613040', '20231118161304', '', '', '5', 55918, 0, 3, 1, '', '', 0),
('202311181615000', '20231118161500', '', '', '2', 554, 0, 3, 1, '', '', 0),
('202311181616230', '20231118161623', '', '', '2', 1082, 0, 3, 2, '', '', 0),
('202311181617350', '20231118161735', '', '', '2', 656, 0, 3, 2, '', '', 0),
('202311181651190', '20231118165119', '', '', '5', 3075, 0, 3, 2, 'reject qty: 16 pcs', '', 0),
('202311181657190', '20231118165719', '', '', '5', 1003, 0, 3, 4, '', '', 0),
('202311181658170', '20231118165817', '', '', '4', 820, 0, 3, 1, '', '', 0),
('202311181701511', '20231118170151', '', '', '5', 55, 0, 3, 0, '', '', 0),
('202311181701513', '20231118170151', '', '', '5', 55, 0, 3, 1, '', '', 0),
('202311181814030', '20231118181403', '', '', '5', 160, 0, 3, 1, '', '', 0),
('202311181824370', '20231118182437', '', '', '5', 1110, 0, 3, 2, '', '', 0),
('202311181834120', '20231118183412', '', '', '2', 153, 0, 3, 0, '', '', 0),
('202311190950060', '20231119095006', '', '', '5', 1369, 0, 3, 1, 'Reject Qty: 13 Pcs', '', 0),
('202311191006150', '20231119100615', '', '', '2', 2118, 0, 3, 3, '', '', 0),
('202311191008481', '20231119100848', '', '', '2', 6157, 0, 3, 6, '', '', 0),
('202311191010550', '20231119101055', '', '', '2', 2133, 0, 3, 3, '', '', 0),
('202311191134540', '20231119113454', '', '', '5', 25, 0, 3, 1, '', '', 0),
('202311191221110', '20231119122111', '', '', '2', 2400, 0, 3, 5, '', '', 0),
('202311191223040', '20231119122304', '', '', '5', 25, 0, 3, 1, '', '', 0),
('202311191234240', '20231119123424', '', '', '5', 25, 0, 3, 1, '', '', 0),
('202311191253160', '20231119125316', '', '', '4', 100, 0, 3, 1, '', '', 0),
('202311191520080', '20231119152008', '', '', '5', 587, 0, 3, 1, '', '', 0),
('202311191521330', '20231119152133', '', '', '2', 281, 0, 3, 1, '', '', 0),
('202311191527120', '20231119152712', '', '', '4', 845, 0, 3, 2, '', '', 0),
('202311191530040', '20231119153004', '', '', '2', 288, 0, 3, 1, '', '', 0),
('202311191531090', '20231119153109', '', '', '2', 941, 0, 3, 1, '', '', 0),
('202311191542400', '20231119154240', '', '', '2', 3360, 0, 3, 2, '', '', 0),
('202311191550300', '20231119155030', '', '', '5', 606, 0, 3, 1, '', '', 0),
('202311191554301', '20231119155430', '', '', '5', 160, 0, 3, 1, '', '', 0),
('202311191556560', '20231119155656', '', '', '5', 2790, 0, 3, 3, '', '', 0),
('202311191558230', '20231119155823', '', '', '2', 660, 0, 3, 1, '', '', 0),
('202311191643310', '20231119164331', '', '', '4', 1105, 0, 3, 3, '0427=795PCS & 0428=310PCS', '', 0),
('202311191649280', '20231119164928', '', '', '5', 563, 563, 3, 1, '', 'Ok', 0),
('202311191650390', '20231119165039', '', '', '5', 500, 500, 3, 1, '', 'Ok', 0),
('202311191655071', '20231119165507', '', '', '2', 1434, 0, 3, 1, '', '', 0),
('202311191656331', '20231119165633', '', '', '5', 1434, 1434, 3, 1, '', 'ok', 0),
('202311191706442', '20231119170644', '', '', '5', 648, 648, 3, 1, '', 'Ok', 0),
('202311191731000', '20231119173100', '', '', '4', 1200, 0, 3, 3, '', '', 0),
('202311191805220', '20231119180522', '', '', '5', 1051, 1051, 3, 2, '', 'ok', 0),
('202311191845260', '20231119184526', '', '', '2', 24, 24, 3, 1, '', 'Ok', 0),
('202311191848510', '20231119184851', '', '', '2', 484, 484, 3, 1, '', 'Ok', 0),
('202311191849590', '20231119184959', '', '', '2', 484, 484, 3, 1, '', 'Ok', 0),
('202311191900200', '20231119190020', '', '', '4', 1360, 0, 3, 2, 'TOP+BTM', '', 0),
('202311191925320', '20231119192532', '', '', '5', 607, 607, 3, 1, '', 'Ok', 0),
('202311191926390', '20231119192639', '', '', '1', 902, 902, 3, 1, '', 'Ok', 0),
('202311191951120', '20231119195112', '', '', '2', 1200, 0, 3, 3, '', '', 0),
('202311200831060', '20231120083106', '', '', '5', 1214, 0, 3, 1, 'reject qty: 03 pcs', '', 0),
('202311200836070', '20231120083607', '', '', '5', 1283, 0, 3, 4, 'reject qty: 03 pcs', '', 0),
('202311200841030', '20231120084103', '', '', '6', 211, 0, 3, 1, '', '', 0),
('202311200842150', '20231120084215', '', '', '4', 5737, 0, 3, 4, '', '', 0),
('202311200847430', '20231120084743', '', '', '4', 1228, 0, 3, 2, '', '', 0),
('202311200848430', '20231120084843', '', '', '2', 678, 0, 3, 1, '', '', 0),
('202311200850050', '20231120085005', '', '', '5', 1232, 0, 3, 1, '', '', 0),
('202311200850240', '20231120085024', '', '', '2', 1787, 0, 3, 1, '', '', 0),
('202311200851580', '20231120085158', '', '', '4', 288, 0, 3, 1, '', '', 0),
('202311200854350', '20231120085435', '', '', '5', 25, 0, 3, 1, '', '', 0),
('202311200913480', '20231120091348', '', '', '5', 160, 0, 3, 1, '', '', 0),
('202311200951400', '20231120095140', '', '', '5', 347, 0, 3, 1, '', '', 0),
('202311201040070', '20231120104007', '', '', '2', 3480, 0, 3, 2, '', '', 0),
('202311201054031', '20231120105403', '', '', '2', 3480, 0, 3, 2, '', '', 0),
('202311201157220', '20231120115722', '', '', '1', 324, 0, 3, 1, '', '', 0),
('202311201225210', '20231120122521', '', '', '7', 1291, 0, 3, 7, 'set', '', 0),
('202311201239300', '20231120123930', '', '', '2', 1080, 0, 3, 3, '', '', 0),
('202311201256180', '20231120125618', '', '', '4', 24, 0, 3, 0, 'color-ecru', '', 0),
('202311201448380', '20231120144838', '', '', '2', 294, 0, 3, 1, '', '', 0),
('202311201451580', '20231120145158', '', '', '2', 294, 0, 3, 1, '', '', 0),
('202311201535520', '20231120153552', '', '', '6', 429, 0, 3, 1, 'reject qty: 07 Pcs', '', 0),
('202311201553580', '20231120155358', '', '', '5', 3992, 0, 3, 3, '', '', 0),
('202311201559590', '20231120155959', '', '', '5', 1035, 0, 3, 3, '', '', 0),
('202311201608120', '20231120160812', '', '', '2', 968, 0, 3, 0, 'TOP+BTM', '', 0),
('202311201616470', '20231120161647', '', '', '5', 110, 0, 3, 1, '', '', 0),
('202311201618450', '20231120161845', '', '', '2', 60, 0, 3, 0, '', '', 0),
('202311201620260', '20231120162026', '', '', '2', 864, 0, 3, 1, '', '', 0),
('202311201629400', '20231120162940', '', '', '2', 85, 0, 3, 2, '', '', 0),
('202311201655130', '20231120165513', '', '', '4', 42, 0, 3, 1, 'PO-428', '', 0),
('202311201705170', '20231120170517', '', '', '5', 1940, 0, 3, 4, '', '', 0),
('202311201821190', '20231120182119', '', '', '2', 181, 0, 3, 1, '', '', 0),
('202311201822530', '20231120182253', '', '', '5', 534, 0, 3, 1, '', '', 0),
('202311201829420', '20231120182942', '', '', '5', 68, 0, 3, 1, '', '', 0),
('202311201839590', '20231120183959', '', '', '5', 2072, 0, 3, 2, '', '', 0),
('202311210834430', '20231121083443', '', '', '5', 1215, 0, 3, 2, 'reject qty: 10 pcs', '', 0),
('202311210836050', '20231121083605', '', '', '6', 1014, 0, 3, 2, 'reject qty: 3 pcs', '', 0),
('202311210851370', '20231121085137', '', '', '5', 4284, 0, 3, 4, '', '', 0),
('202311210855130', '20231121085513', '', '', '4', 1451, 0, 3, 1, 'pivoine colour', '', 0),
('202311210857180', '20231121085718', '', '', '4', 1916, 0, 3, 3, '', '', 0),
('202311210859230', '20231121085923', '', '', '4', 2172, 0, 3, 4, '', '', 0),
('202311210907260', '20231121090726', '', '', '4', 66, 66, 3, 1, '', 'Ok', 0),
('202311210913350', '20231121091335', '', '', '5', 1215, 0, 3, 2, 'reject qty: 10 pcs', '', 0),
('202311210915210', '20231121091521', '', '', '4', 1152, 1152, 3, 3, '', 'Ok', 0),
('202311210918100', '20231121091810', '', '', '4', 140, 0, 3, 1, '', '', 0),
('202311210918101', '20231121091810', '', '', '4', 116, 0, 3, 0, '', '', 0),
('202311210925160', '20231121092516', '', '', '2', 924, 0, 3, 2, 'po-33-24-0323\r\ntop+btm', '', 0),
('202311210927000', '20231121092700', '', '', '5', 3806, 3806, 3, 3, '', 'Ok', 0),
('202311211017040', '20231121101704', '', '', '5', 33, 0, 3, 1, '', '', 0),
('202311211018210', '20231121101821', '', '', '4', 181, 0, 3, 1, '', '', 0),
('202311211026320', '20231121102632', '', '', '2', 39, 0, 3, 2, 'MARTIN-PO-45=12PCS', '', 0),
('202311211032080', '20231121103208', '', '', '5', 253, 0, 3, 0, '', '', 0),
('202311211035320', '20231121103532', '', '', '5', 68, 0, 3, 1, '', '', 0),
('202311211054400', '20231121105440', '', '', '5', 981, 0, 3, 2, 'reject qty: 04 pcs', '', 0),
('202311211135490', '20231121113549', '', '', '2', 343, 0, 3, 1, '', '', 0),
('202311211138080', '20231121113808', '', '', '5', 343, 343, 3, 1, '', 'Ok', 0),
('202311211154490', '20231121115449', '', '', '2', 252, 0, 3, 1, '', '', 0),
('202311211210210', '20231121121021', '', '', '2', 112, 0, 3, 1, '', '', 0),
('202311211444440', '20231121144444', '', '', '2', 128, 0, 3, 1, '', '', 0),
('202311211536200', '20231121153620', '', '', '5', 42, 0, 3, 0, '', '', 0),
('202311211539441', '20231121153944', '', '', '5', 66, 0, 3, 1, '', '', 0),
('202311211541240', '20231121154124', '', '', '2', 955, 0, 3, 3, '', '', 0),
('202311211543110', '20231121154311', '', '', '4', 858, 0, 3, 3, '', '', 0),
('202311211619570', '20231121161957', '', '', '2', 269, 0, 3, 0, '', '', 0),
('202311211650380', '20231121165038', '', '', '5', 55, 0, 3, 1, '', '', 0),
('202311211710130', '20231121171013', '', '', '4', 3480, 0, 3, 3, 'po-31-24-0724', '', 0),
('202311211724290', '20231121172429', '', '', '5', 432, 432, 3, 1, '', 'Ok', 0),
('202311211726090', '20231121172609', '', '', '5', 16, 16, 3, 1, '', 'Ok', 0),
('202311211744541', '20231121174454', '', '', '5', 55, 0, 3, 1, '', '', 0),
('202311211746090', '20231121174609', '', '', '4', 1200, 0, 3, 5, '', '', 0),
('202311211758590', '20231121175859', '', '', '2', 465, 465, 3, 1, '', 'Ok', 0),
('202311211815390', '20231121181539', '', '', '2', 36, 36, 3, 1, '', 'Ok', 0),
('202311211838512', '20231121183851', '', '', '5', 30, 0, 3, 1, '', '', 0),
('202311211929242', '20231121192924', '', '', '5', 600, 0, 3, 1, '', '', 0),
('202311211930261', '20231121193026', '', '', '2', 73, 73, 3, 1, '', 'Ok', 0),
('202311211930560', '20231121193056', '', '', '5', 25, 0, 3, 1, '', '', 0),
('202311211949210', '20231121194921', '', '', '5', 1820, 1820, 3, 2, '', 'Ok', 0),
('202311211959560', '20231121195956', '', '', '7', 982, 0, 3, 5, '', '', 0),
('202311212009310', '20231121200931', '', '', '4', 61, 0, 3, 2, 'STY-62CORDE (A-493)BIO, COL-INSECTE, 20PCS\r\nSTY-32BAN MARINIERE-47(A-509), COL-AVERSE- QTY-41PCS ', '', 0),
('202311220828460', '20231122082846', '', '', '6', 785, 0, 3, 2, 'reject qty: 05 pcs', '', 0),
('202311220838580', '20231122083858', '', '', '5', 770, 0, 3, 1, 'reject qty: 58 pcs', '', 0),
('202311220841270', '20231122084127', '', '', '5', 1603, 0, 3, 2, 'reject qty: 07 pcs', '', 0),
('202311220842340', '20231122084234', '', '', '5', 336, 0, 3, 1, '', '', 0),
('202311220843590', '20231122084359', '', '', '5', 1043, 0, 3, 3, 'reject qty: 12 pcs', '', 0),
('202311220845450', '20231122084545', '', '', '6', 1068, 0, 3, 2, 'reject qty: 02 pcs', '', 0),
('202311220847030', '20231122084703', '', '', '6', 471, 0, 3, 1, 'reject qty: 17', '', 0),
('202311220852030', '20231122085203', '', '', '4', 955, 0, 3, 3, '', '', 0),
('202311220853440', '20231122085344', '', '', '4', 588, 0, 3, 1, 'top+btm', '', 0),
('202311220854450', '20231122085445', '', '', '4', 858, 0, 3, 2, '', '', 0),
('202311220855500', '20231122085550', '', '', '4', 343, 0, 3, 1, '', '', 0),
('202311220856490', '20231122085649', '', '', '4', 252, 0, 3, 1, '', '', 0),
('202311220900160', '20231122090016', '', '', '4', 385, 0, 3, 1, 'colour-lipstck', '', 0),
('202311220903000', '20231122090300', '', '', '4', 198, 0, 3, 1, '', '', 0),
('202311220903001', '20231122090300', '', '', '4', 73, 0, 3, 1, '', '', 0),
('202311220909060', '20231122090906', '', '', '4', 83, 0, 3, 1, '', '', 0),
('202311220912460', '20231122091246', '', '', '4', 92, 0, 3, 1, 'colour-insecte', '', 0),
('202311221010201', '20231122101020', '', '', '2', 67, 0, 3, 1, '', '', 0),
('202311221131240', '20231122113124', '', '', '7', 1028, 0, 3, 7, '', '', 0),
('202311221133292', '20231122113329', '', '', '5', 55, 0, 3, 1, '', '', 0),
('202311221258481', '20231122125848', '', '', '4', 67, 0, 3, 1, '', '', 0),
('202311221259450', '20231122125945', '', '', '4', 1152, 0, 3, 3, '', '', 0),
('202311221300520', '20231122130052', '', '', '4', 128, 0, 3, 1, '', '', 0),
('202311221307290', '20231122130729', '', '', '2', 120, 0, 3, 1, '', '', 0),
('202311221308310', '20231122130831', '', '', '2', 120, 0, 3, 1, '', '', 0),
('202311221446060', '20231122144606', '', '', '4', 66, 0, 3, 1, '', '', 0),
('202311221451240', '20231122145124', '', '', '4', 36, 0, 3, 1, '', '', 0),
('202311221453180', '20231122145318', '', '', '7', 9, 0, 3, 1, '', '', 0),
('202311221557470', '20231122155747', '', '', '2', 172, 0, 3, 1, '', '', 0),
('202311221559100', '20231122155910', '', '', '5', 50, 0, 3, 0, '', '', 0),
('202311221600250', '20231122160025', '', '', '5', 226, 0, 3, 1, '', '', 0),
('202311221602220', '20231122160222', '', '', '2', 27, 0, 3, 0, '', '', 0),
('202311221631240', '20231122163124', '', '', '2', 172, 0, 3, 1, '', '', 0),
('202311221636370', '20231122163637', '', '', '6', 1098, 0, 3, 2, 'reject qty: 03 pcs', '', 0),
('202311221638180', '20231122163818', '', '', '5', 215, 0, 3, 1, 'reject qty: 01 pcs', '', 0),
('202311221639020', '20231122163902', '', '', '5', 18, 0, 3, 1, '', '', 0),
('202311221736300', '20231122173630', '', '', '5', 1150, 0, 3, 1, '', '', 0),
('202311221739000', '20231122173900', '', '', '5', 3082, 0, 3, 2, '', '', 0),
('202311221745100', '20231122174510', '', '', '4', 27, 0, 3, 1, '', '', 0),
('202311221746510', '20231122174651', '', '', '5', 20, 0, 3, 1, '', '', 0),
('202311221747590', '20231122174759', '', '', '2', 396, 0, 3, 1, '', '', 0),
('202311221749240', '20231122174924', '', '', '5', 2167, 0, 3, 3, '', '', 0),
('202311221921101', '20231122192110', '', '', '5', 1080, 0, 3, 3, '', '', 0),
('202311221937540', '20231122193754', '', '', '2', 650, 650, 3, 1, '', '', 0),
('202311221939120', '20231122193912', '', '', '5', 1980, 0, 3, 3, '', '', 0),
('202311222016040', '20231122201604', '', '', '5', 1991, 1991, 3, 3, '', 'Ok', 0),
('202311230825170', '20231123082517', '', '', '5', 1087, 0, 3, 2, 'reject qty: 07 pcs', '', 0),
('202311230826380', '20231123082638', '', '', '5', 30, 0, 3, 1, '', '', 0),
('202311230828481', '20231123082848', '', '', '5', 1560, 0, 3, 1, 'reject qty : 10 Pcs', '', 0),
('202311230830070', '20231123083007', '', '', '5', 2169, 0, 3, 3, 'reject qty: 30 pcs', '', 0),
('202311230832220', '20231123083222', '', '', '6', 1275, 0, 3, 2, 'reject qty: 05 pcs', '', 0),
('202311230837550', '20231123083755', '', '', '4', 412, 0, 3, 2, 'top+btm', '', 0),
('202311230855401', '20231123085540', '', '', '5', 25, 0, 3, 1, '', '', 0),
('202311230855402', '20231123085540', '', '', '5', 25, 0, 3, 1, '', '', 0),
('202311230931540', '20231123093154', '', '', '5', 1418, 0, 3, 2, '', '', 0),
('202311230933020', '20231123093302', '', '', '5', 1738, 0, 3, 3, '', '', 0),
('202311230935140', '20231123093514', '', '', '2', 208, 0, 3, 1, '', '', 0),
('202311230941250', '20231123094125', '', '', '5', 4935, 0, 3, 5, '', '', 0),
('202311230943212', '20231123094321', '', '', '5', 380, 0, 3, 1, '', '', 0),
('202311230949111', '20231123094911', '', '', '5', 800, 0, 3, 1, '', '', 0),
('202311231103110', '20231123110311', '', '', '5', 328, 0, 3, 1, '', '', 0),
('202311231104240', '20231123110424', '', '', '5', 328, 0, 3, 1, '', '', 0),
('202311231106100', '20231123110610', '', '', '7', 223, 0, 3, 2, '', '', 0),
('202311231108090', '20231123110809', '', '', '5', 2854, 0, 3, 3, '', '', 0),
('202311231109130', '20231123110913', '', '', '5', 1690, 0, 3, 2, '', '', 0),
('202311231505560', '20231123150556', '', '', '5', 35, 0, 3, 1, '', '', 0),
('202311231526240', '20231123152624', '', '', '5', 135, 0, 3, 1, '', '', 0),
('202311231550240', '20231123155024', '', '', '2', 988, 0, 3, 1, '', '', 0),
('202311231557570', '20231123155757', '', '', '5', 1254, 0, 3, 2, '', '', 0),
('202311231559050', '20231123155905', '', '', '4', 58, 0, 0, 1, 'STY-62CORDE BIO M (A-493)\r\nCOL-INSECTE\r\nQTY-58', '', 0),
('202311231559512', '20231123155951', '', '', '5', 35, 0, 3, 0, '', '', 0),
('202311231602080', '20231123160208', '', '', '5', 39, 0, 3, 0, '', '', 0),
('202311231603181', '20231123160318', '', '', '5', 35, 0, 3, 0, '', '', 0),
('202311231604260', '20231123160426', '', '', '5', 2013, 0, 3, 3, '', '', 0),
('202311231611410', '20231123161141', '', '', '4', 208, 0, 3, 1, 'TOP+BTM', '', 0),
('202311231612340', '20231123161234', '', '', '5', 2046, 0, 3, 3, '', '', 0),
('202311231726030', '20231123172603', '', '', '2', 48, 0, 3, 1, '', '', 0),
('202311231727210', '20231123172721', '', '', '5', 28, 0, 3, 1, '', '', 0),
('202311231737460', '20231123173746', '', '', '5', 20, 0, 3, 1, '', '', 0),
('202311231741210', '20231123174121', '', '', '5', 2522, 0, 3, 3, '', '', 0),
('202311231756540', '20231123175654', '', '', '2', 804, 0, 3, 1, '', '', 0),
('202311231758090', '20231123175809', '', '', '2', 702, 0, 3, 1, '', '', 0),
('202311231840430', '20231123184043', '', '', '5', 875, 0, 3, 1, '', '', 0),
('202311231926150', '20231123192615', '', '', '2', 804, 0, 3, 1, '', '', 0),
('202311231931000', '20231123193100', '', '', '5', 2533, 0, 3, 3, '', '', 0),
('202311231931550', '20231123193155', '', '', '5', 1980, 0, 3, 3, '', '', 0),
('202311231932060', '20231123193206', '', '', '5', 4214, 0, 3, 3, '', '', 0),
('202311231935270', '20231123193527', '', '', '5', 2002, 0, 3, 3, '', '', 0),
('202311231948461', '20231123194846', '', '', '2', 308, 0, 3, 1, '', '', 0),
('202311232016080', '20231123201608', '', '', '4', 702, 0, 3, 1, '', '', 0),
('202311232017131', '20231123201713', '', '', '4', 308, 0, 3, 1, '', '', 0),
('202311232018040', '20231123201804', '', '', '4', 804, 0, 3, 1, '', '', 0),
('202311232047070', '20231123204707', '', '', '5', 50, 0, 3, 1, '', '', 0),
('202311232047071', '20231123204707', '', '', '5', 30, 0, 3, 1, '', '', 0),
('202311240825170', '20231124082517', '', '', '6', 564, 0, 3, 1, 'reject qty: 09 pcs', '', 0),
('202311240826200', '20231124082620', '', '', '6', 529, 0, 3, 1, '', '', 0),
('202311240828151', '20231124082815', '', '', '5', 2902, 0, 3, 2, 'reject qty: 39 pcs', '', 0),
('202311240829050', '20231124082905', '', '', '6', 135, 0, 3, 1, '', '', 0),
('202311240830070', '20231124083007', '', '', '5', 1314, 0, 3, 2, 'reject qty: 04 pcs', '', 0),
('202311240941050', '20231124094105', '', '', '5', 1534, 0, 3, 2, '', '', 0),
('202311240942570', '20231124094257', '', '', '5', 72, 0, 3, 1, '', '', 0),
('202311241026370', '20231124102637', '', '', '5', 72, 0, 3, 1, '', '', 0),
('202311271112461', '20231127111246', '', '', '1', 200, 0, 3, 2, '', '', 0),
('202311271123431', '20231127112343', '20231114163943', '', '1', 20, 0, 3, 2, '', '', 0),
('202311271131440', '20231127113144', '20231114163500', '', '2', 150, 0, 3, 2, '', '', 0),
('202311271131441', '20231127113144', '20231114163943', '', '1', 50, 0, 3, 5, '', '', 0),
('202311271709251', '20231127170925', '20231115105302', '', '1', 100, 0, 3, 10, '', '', 0),
('202312041207040', '20231204120704', '20231115103828', '', '1', 20, 0, 3, 2, '', '', 0),
('202312041209260', '20231204120926', '20231115103828', '', '1', 20, 0, 1, 2, '', '', 0),
('202312041340110', '20231204134011', '20231115103828', '', '1', 20, 0, 3, 1, '', '', 0),
('202312041344110', '20231204134411', '20231113165443', '', '', 1, 0, 0, 0, '', '', 0),
('202312041346540', '20231204134654', '20231108170011', '', '1', 11, 0, 3, 1, '', '', 0),
('202312041631590', '20231204163159', '20231115103828', '', '1', 15, 0, 3, 1, '', '', 0),
('202312041633021', '20231204163302', '20231115105302', '', '1', 25, 0, 3, 1, '', '', 0),
('202312041658580', '20231204165858', '20231114163500', '', '1', 11, 0, 3, 1, '', '', 0),
('202312041700371', '20231204170037', '20231114163943', '', '1', 110, 0, 3, 1, '', '', 0),
('202312041701340', '20231204170134', '20231114163500', '', '1', 22, 0, 3, 1, '', '', 0),
('202312041701341', '20231204170134', '20231114163943', '', '', 55, 0, 3, 1, '', '', 0),
('202312041702380', '20231204170238', '20231114163500', '', '1', 31, 0, 3, 2, '', '', 0),
('202312041702381', '20231204170238', '20231114163943', '', '5', 21, 0, 3, 7, '', '', 0),
('202312051108532', '20231205110853', '20231115110929', '', '3', 200, 0, 3, 5, '', '', 0),
('202312051110212', '20231205111021', '20231115110929', '', '2', 250, 0, 3, 22, '', '', 0),
('202312051113322', '20231205111332', '20231115110929', '', '5', 120, 0, 3, 15, '', '', 0),
('202312051114301', '20231205111430', '20231115110538', '', '6', 210, 0, 3, 19, '', '', 0),
('202312051115520', '20231205111552', '20231115110143', '', '3', 20, 20, 3, 2, '', '', 0),
('202312051115521', '20231205111552', '20231115110538', '', '4', 25, 25, 3, 2, '', '', 0),
('202312051115522', '20231205111552', '20231115110929', '', '8', 12, 12, 3, 2, '', '', 0),
('202312051115523', '20231205111552', '20231115111256', '', '2', 15, 15, 3, 3, '', '', 0),
('202312051117040', '20231205111704', '20231115110143', '', '4', 22, 22, 3, 2, '', '', 0),
('202312051117041', '20231205111704', '20231115110538', '', '5', 12, 12, 3, 2, '', '', 0),
('202312051117042', '20231205111704', '20231115110929', '', '6', 35, 35, 3, 2, '', '', 0),
('202312051117043', '20231205111704', '20231115111256', '', '2', 25, 25, 3, 5, '', '', 0),
('202312141713450', '20231214171345', '20231113165443', '202312141317140', '1', 200, 0, 3, 2, '', '', 0),
('202312141713451', '20231214171345', '20231113165443', '202312141317141', '2', 300, 0, 3, 5, '', '', 0),
('202312141739340', '20231214173934', '20231116095148', '202312141240020', '1', 2, 0, 3, 1, '', '', 0),
('202312141739341', '20231214173934', '20231116095148', '202312141240021', '1', 2, 0, 3, 1, '', '', 0),
('202312141739342', '20231214173934', '20231116095148', '202312141240022', '1', 2, 0, 3, 1, '', '', 0),
('202312141739343', '20231214173934', '20231116095148', '202312141240023', '1', 2, 0, 3, 1, '', '', 0),
('202312141739344', '20231214173934', '20231116094410', '202312141312120', '1', 2, 0, 3, 1, '', '', 0),
('202312141739345', '20231214173934', '20231116094410', '202312141312121', '1', 2, 0, 3, 1, '', '', 0),
('202312141739346', '20231214173934', '20231116094410', '202312141312122', '1', 2, 0, 3, 1, '', '', 0),
('202312141739347', '20231214173934', '20231116094410', '202312141312123', '1', 2, 0, 3, 1, '', '', 0),
('202312171054370', '20231217105437', '20231113165443', '202312141317140', '1', 11, 10000, 3, 1, '', '', 0),
('202312171054371', '20231217105437', '20231113165443', '202312141317141', '2', 11, 500, 3, 1, '', '', 0),
('202312171631340', '20231217163134', '20231113165443', '202312141317140', '1', 112, 0, 3, 2, '', '', 0),
('202312171631341', '20231217163134', '20231113165443', '202312141317141', '4', 112, 0, 3, 2, '', '', 0),
('202312171646280', '20231217164628', '20231113165443', '202312141317140', '1', 112, 112, 3, 2, '', '', 0),
('202312171646281', '20231217164628', '20231113165443', '202312141317141', '1', 112, 112, 3, 2, '', '', 0),
('202312171703430', '20231217170343', '20231113165443', '202312141317140', '1', 22, 0, 3, 2, '', '', 0),
('202312171703431', '20231217170343', '20231113165443', '202312141317141', '2', 22, 0, 3, 2, '', '', 0),
('202312171705410', '20231217170541', '20231113165443', '202312141317140', '1', 232, 0, 3, 1, '', '', 0),
('202312171705411', '20231217170541', '20231113165443', '202312141317141', '2', 222, 0, 3, 1, '', '', 0),
('202312171711000', '20231217171100', '20231113165443', '202312141317140', '1', 2, 0, 3, 2, '', '', 0),
('202312171711001', '20231217171100', '20231113165443', '202312141317141', '2', 2, 0, 3, 2, '', '', 0),
('202312181005160', '20231218100516', '20231113165443', '202312141317140', '1', 22, 0, 3, 2, '', '', 0),
('202312181005161', '20231218100516', '20231113165443', '202312141317141', '1', 22, 0, 3, 2, '', '', 0),
('202312181019500', '20231218101950', '20231113165443', '202312141317140', '1', 11, 0, 3, 1, '', '', 0),
('202312181019501', '20231218101950', '20231113165443', '202312141317141', '1', 11, 0, 3, 1, '', '', 0),
('202312181021530', '20231218102153', '20231113165443', '202312141317140', '1', 22, 0, 3, 2, '', '', 0),
('202312181021531', '20231218102153', '20231113165443', '202312141317141', '1', 22, 0, 3, 2, '', '', 0),
('202312181025550', '20231218102555', '20231113165443', '202312141317140', '1', 22, 0, 3, 2, '', '', 0),
('202312181025551', '20231218102555', '20231113165443', '202312141317141', '1', 22, 0, 3, 2, '', '', 0),
('202312181028000', '20231218102800', '20231113165443', '202312141317140', '1', 22, 0, 3, 2, '', '', 0),
('202312181028001', '20231218102800', '20231113165443', '202312141317141', '1', 22, 0, 3, 2, '', '', 0),
('202312181030460', '20231218103046', '20231113165443', '202312141317140', '1', 22, 0, 3, 2, '', '', 0),
('202312181030461', '20231218103046', '20231113165443', '202312141317141', '1', 22, 0, 3, 2, '', '', 0),
('202312181038520', '20231218103852', '20231113165443', '202312141317140', '1', 22, 0, 3, 2, '', '', 0),
('202312181038521', '20231218103852', '20231113165443', '202312141317141', '1', 22, 0, 3, 2, '', '', 0),
('202312181056560', '20231218105656', '20231113165443', '202312141317140', '1', 22, 22, 3, 22, '', '', 0),
('202312181056561', '20231218105656', '20231113165443', '202312141317141', '1', 22, 0, 3, 22, '', '', 0),
('202312181105550', '20231218110555', '20231113165443', '202312141317140', '1', 22, 0, 3, 2, '', '', 0),
('202312181105551', '20231218110555', '20231113165443', '202312141317141', '1', 22, 0, 3, 2, '', '', 0),
('202312181111080', '20231218111108', '20231113165443', '202312141317140', '1', 22, 22, 3, 2, '', '', 0),
('202312181111081', '20231218111108', '20231113165443', '202312141317141', '1', 22, 22, 3, 2, '', '', 0),
('202312181125280', '20231218112528', '20231113165443', '202312141317140', '1', 22, 0, 3, 2, '', '', 0),
('202312181125281', '20231218112528', '20231113165443', '202312141317141', '1', 22, 0, 3, 2, '', '', 0),
('202312181128300', '20231218112830', '20231113165443', '202312141317140', '1', 22, 0, 3, 2, '', '', 0),
('202312181128301', '20231218112830', '20231113165443', '202312141317141', '1', 22, 0, 3, 2, '', '', 0),
('202312181154370', '20231218115437', '20231113165443', '202312141317140', '1', 22, 0, 3, 2, '', '', 0),
('202312181154371', '20231218115437', '20231113165443', '202312141317141', '1', 22, 0, 3, 2, '', '', 0),
('202312191520410', '20231219152041', '20231113165443', '202312141317140', '1', 15, 15, 3, 1, '', '', 1),
('202312191520411', '20231219152041', '20231113165443', '202312141317141', '1', 19, 19, 3, 1, '', '', 1);

-- --------------------------------------------------------

--
-- Table structure for table `challan_type`
--

CREATE TABLE `challan_type` (
  `ctid` int(11) NOT NULL,
  `challantype` varchar(50) NOT NULL
) ENGINE=InnoDB DEFAULT CHARSET=utf8mb4;

--
-- Dumping data for table `challan_type`
--

INSERT INTO `challan_type` (`ctid`, `challantype`) VALUES
(1, 'Returnable'),
(2, 'Non-Returnable'),
(3, 'Return');

-- --------------------------------------------------------

--
-- Table structure for table `color`
--

CREATE TABLE `color` (
  `colorid` varchar(50) NOT NULL,
  `colorcode` varchar(50) NOT NULL,
  `colorname` varchar(50) NOT NULL,
  `cwoqty` int(11) NOT NULL,
  `gsm` float NOT NULL,
  `orderid` varchar(50) NOT NULL,
  `styleid` varchar(50) NOT NULL,
  `jobnoid` varchar(50) NOT NULL,
  `buyerid` varchar(50) NOT NULL,
  `ltod` date NOT NULL,
  `colorstatus` int(11) NOT NULL
) ENGINE=InnoDB DEFAULT CHARSET=utf8mb4;

--
-- Dumping data for table `color`
--

INSERT INTO `color` (`colorid`, `colorcode`, `colorname`, `cwoqty`, `gsm`, `orderid`, `styleid`, `jobnoid`, `buyerid`, `ltod`, `colorstatus`) VALUES
('20231108170011', 'Lipstick', 'Lipstick', 322, 180, '20231108115406', '20231108114247', '20231108113824', '20231108113422', '2023-11-08', 1),
('20231113165443', '-', 'IRIS', 6000, 180, '20231113114948', '20231113114721', '20231113114602', '20231113114414', '2023-11-13', 1),
('20231114163500', 'A', 'ROCHER', 1600, 180, '20231114113024', '20231114112851', '20231114112057', '20231108113422', '2023-11-14', 1),
('20231114163943', 'B', 'ECRU', 1500, 150, '20231114113024', '20231114112851', '20231114112057', '20231108113422', '2023-11-14', 1),
('20231115103828', 'LILAC', 'LILAC', 3396, 160, '20231115053130', '20231115052954', '20231115052835', '20231115052608', '2023-11-15', 1),
('20231115105302', 'WHITE', 'WHITE', 3650, 160, '20231115053130', '20231115052954', '20231115052835', '20231115052608', '2023-11-15', 1),
('20231115110143', 'NAVY', 'NAVY', 2052, 160, '20231115055936', '20231115055837', '20231115055618', '20231115052608', '2023-11-15', 1),
('20231115110538', 'GREEN', 'GREEN', 2052, 160, '20231115055936', '20231115055837', '20231115055618', '20231115052608', '2023-11-15', 1),
('20231115110929', 'INDIGO', 'INDIGO', 1701, 160, '20231115055936', '20231115055837', '20231115055618', '20231115052608', '2023-11-15', 1),
('20231115111256', 'WHITE', 'WHITE', 2403, 160, '20231115055936', '20231115055837', '20231115055618', '20231115052608', '2023-11-15', 1),
('20231115112657', 'RIVER', 'RIVER', 1040, 160, '20231115062428', '20231115062252', '20231115062104', '20231108113422', '2023-11-15', 1),
('20231115114328', 'P-GREEN', 'P-GREEN', 8000, 180, '20231115064126', '20231115064014', '20231115063656', '20231113114414', '2023-11-15', 1),
('20231115120559', 'RIVER', 'RIVER', 2000, 160, '20231115070344', '20231115070246', '20231115070002', '20231108113422', '2023-11-15', 1),
('20231115120719', 'ECRU', 'ECRU', 1500, 160, '20231115070344', '20231115070246', '20231115070002', '20231108113422', '2023-11-15', 1),
('20231115120904', 'COMBAVA', 'COMBAVA', 1500, 160, '20231115070344', '20231115070246', '20231115070002', '20231108113422', '2023-11-15', 1),
('20231115125202', 'S-GREY-MARLE', 'S-GREY-MARLE', 3206, 140, '20231115074911', '20231115074753', '20231115074619', '20231115064811', '2023-11-15', 1),
('20231115130525', 'P-YELLOW', 'P-YELLOW', 6453, 140, '20231115080310', '20231115080152', '20231115075726', '20231115064811', '2023-11-15', 1),
('20231115133154', 'BALLERINA', 'BALLERINA', 9679, 140, '20231115082957', '20231115081144', '20231115081026', '20231115064811', '2023-11-15', 1),
('20231115134456', 'BALLERINA', 'BALLERINA', 9679, 140, '20231115084331', '20231115084110', '20231115081026', '20231115064811', '2023-11-15', 1),
('20231115150413', 'BLACK', 'BLACK', 16000, 180, '20231115094549', '20231115094440', '20231115094332', '20231115065422', '2023-11-15', 1),
('20231115151553', 'CITRINE', 'CITRINE', 1500, 160, '20231115101247', '20231115101124', '20231115101017', '20231108113422', '2023-11-15', 1),
('20231115152137', 'OMBRAGE', 'OMBRAGE', 2000, 160, '20231115102003', '20231115101919', '20231115101757', '20231108113422', '2023-11-15', 1),
('20231115153453', 'NAVY', 'NAVY', 4488, 200, '20231115103248', '20231115103100', '20231115102842', '20231115065348', '2023-11-15', 1),
('20231115154315', 'ECRU', 'ECRU', 2992, 160, '20231115104118', '20231115103950', '20231115103823', '20231108113422', '2023-11-15', 1),
('20231115170214', 'GALAXIE', 'GALAXIE', 5000, 160, '20231115120012', '20231115115840', '20231115062104', '20231108113422', '2023-11-15', 1),
('20231115171057', 'LODEN', 'LODEN', 5000, 160, '20231115120902', '20231115120759', '20231115120625', '20231108113422', '2023-11-15', 1),
('20231115171618', 'LODEN', 'LODEN', 3200, 160, '20231115120012', '20231115115840', '20231115062104', '20231108113422', '2023-11-15', 1),
('20231115180415', 'RIVER', 'RIVER', 6230, 160, '20231115130221', '20231115130110', '20231115125954', '20231108113422', '2023-11-15', 1),
('20231115181518', 'ECRU', 'ECRU', 6088, 160, '20231115131306', '20231115131057', '20231115130834', '20231108113422', '2023-11-15', 1),
('20231115193046', 'ROCHER', 'ROCHER', 1055, 160, '20231115142823', '20231115142655', '20231115142509', '20231108113422', '2023-11-15', 1),
('20231116084856', 'S-GREY-MARL', 'S-GREY-MARL', 8180, 160, '20231116034602', '20231116034201', '20231116033742', '20231115064811', '2023-11-16', 1),
('20231116090006', 'S-GREY-MARL', 'S-GREY-MARL', 3280, 160, '20231116035719', '20231116035554', '20231116035427', '20231115064811', '2023-11-16', 1),
('20231116094410', 'PUMICE STONE', 'PUMICE STONE', 1082, 200, '20231116043936', '20231116043817', '20231116043638', '20231115064930', '2023-11-16', 1),
('20231116095148', 'LAUREIOAK', 'LAUREIOAK', 1182, 200, '20231116043936', '20231116043817', '20231116043638', '20231115064930', '2023-11-16', 1),
('20231116100829', 'NOIR', 'NOIR', 765, 160, '20231116050615', '20231116050349', '20231116050209', '20231108113422', '2023-11-16', 1),
('20231116120109', 'NOIR', 'NOIR', 1100, 160, '20231116065912', '20231116065809', '20231116065634', '20231108113422', '2023-11-16', 1),
('20231116122800', 'W/ASPARAGUS', 'W/ASPARAGUS', 4999, 180, '20231116072347', '20231116072302', '20231116072123', '20231113114414', '2023-11-16', 1),
('20231116163718', 'ROCHER', 'ROCHER', 1800, 160, '20231116113505', '20231116113359', '20231116113237', '20231108113422', '2023-11-16', 1),
('20231116165200', 'S/WHITE', 'S/WHITE', 940, 180, '20231116115013', '20231116114853', '20231116114439', '20231115064930', '2023-11-16', 1),
('20231116170229', 'PIVOINE', 'PIVOINE', 2648, 160, '20231115104118', '20231115103950', '20231115103823', '20231108113422', '2023-11-16', 1),
('20231116194707', 'EPICEA', 'EPICEA', 800, 150, '20231116144245', '20231116144031', '20231116143840', '20231108113422', '2023-11-16', 1),
('20231116200049', 'TACOS', 'TACOS', 5000, 160, '20231116145903', '20231116145800', '20231116145607', '20231108113422', '2023-11-16', 1),
('20231116202411', 'ROCHER', 'ROCHER', 585, 160, '20231116152220', '20231116152050', '20231116151552', '20231108113422', '2023-11-16', 1),
('20231117090828', 'MARIN', 'MARIN', 400, 180, '20231117040641', '20231117040512', '20231117040329', '20231108113422', '2023-11-17', 1),
('20231117091540', 'BLACK', 'BLACK', 1020, 200, '20231116115013', '20231116114853', '20231116114439', '20231115064930', '2023-11-17', 1),
('20231117094145', 'ECRU', 'ECRU', 2660, 160, '20231117042705', '20231117042542', '20231117042123', '20231108113422', '2023-11-17', 1),
('20231117114108', 'P/YELLOW', 'P/YELLOW', 4701, 180, '20231117063858', '20231117063733', '20231117063607', '20231113114414', '2023-11-17', 1),
('20231117114804', 'S/SPRAY', 'S/SPRAY', 4000, 180, '20231117064613', '20231117064508', '20231117064345', '20231113114414', '2023-11-17', 1),
('20231117115626', 'BLACK', 'BLACK', 820, 180, '20231117065444', '20231117065331', '20231117065145', '20231115064930', '2023-11-17', 1),
('20231117120443', 'S/WHITE', 'S/WHITE', 740, 180, '20231117065444', '20231117065331', '20231117065145', '20231115064930', '2023-11-17', 1),
('20231117120609', 'J/GREEN', 'J/GREEN', 340, 180, '20231117065444', '20231117065331', '20231117065145', '20231115064930', '2023-11-17', 1),
('20231117121259', 'F/SCARLET', 'F/SCARLET', 7000, 180, '20231117071056', '20231117070911', '20231117070752', '20231113114414', '2023-11-17', 1),
('20231117145759', 'H-GREY', 'H-GREY', 160, 160, '20231117095620', '20231117095501', '20231117081605', '20231117080854', '2023-11-17', 1),
('20231117153022', 'NOIR', 'NOIR', 1100, 180, '20231117102737', '20231117102622', '20231117102454', '20231108113422', '2023-11-17', 1),
('20231117170630', 'J/GREEN', 'J/GREEN', 700, 180, '20231116115013', '20231116114853', '20231116114439', '20231115064930', '2023-11-17', 1),
('20231118091256', 'INSECTE', 'INSECTE', 2007, 200, '20231118041038', '20231118040942', '20231118040759', '20231108113422', '2023-11-18', 1),
('20231118111945', 'CITRINE', 'CITRINE', 5370, 180, '20231118061757', '20231118061538', '20231118061406', '20231108113422', '2023-11-18', 1),
('20231118182302', 'BLACK', 'BLACK', 1020, 180, '20231118132135', '20231118132012', '20231118131010', '20231115064930', '2023-11-18', 1),
('20231118183224', 'ROCHER', 'ROCHER', 3500, 180, '20231118133052', '20231118132953', '20231118132836', '20231108113422', '2023-11-18', 1),
('20231119152654', 'RIVER', 'RIVER', 2500, 180, '20231118034832', '20231118034653', '20231118034545', '20231108113422', '2023-11-19', 1),
('20231119154035', 'COMBAVA', 'COMBAVA', 6000, 160, '20231119103844', '20231119103424', '20231119103239', '20231108113422', '2023-11-19', 1),
('20231119154855', 'ANTHRACITE-GREY', 'ANTHRACITE-GREY', 938, 180, '20231119104648', '20231119104535', '20231119104405', '20231115064930', '2023-11-19', 1),
('20231119155253', 'G-BLUE', 'G-BLUE', 670, 180, '20231119104648', '20231119104535', '20231119104405', '20231115064930', '2023-11-19', 1),
('20231119170237', 'I-GREEN', 'I-GREEN', 804, 180, '20231119104648', '20231119104535', '20231119104405', '20231115064930', '2023-11-19', 1),
('20231119194920', 'OMBRAGE', 'OMBRAGE', 4518, 180, '20231119144723', '20231119144614', '20231119144423', '20231108113422', '2023-11-19', 1),
('20231120084650', 'B/WHITE', 'B/WHITE', 3999, 180, '20231120034232', '20231120034100', '20231120033832', '20231113114414', '2023-11-20', 1),
('20231120091207', 'M/BLUE', 'M/BLUE', 4499, 200, '20231120040931', '20231120040823', '20231120040617', '20231113114414', '2023-11-20', 1),
('20231120091938', 'M/GREY', 'M/GREY', 7002, 200, '20231120041733', '20231120041617', '20231120041503', '20231113114414', '2023-11-20', 1),
('20231120103624', 'S/SPREY', 'S/SPREY', 5000, 200, '20231120053415', '20231120053317', '20231120053146', '20231113114414', '2023-11-20', 1),
('20231120105220', 'RIVER', 'RIVER', 5000, 160, '20231119103844', '20231119103424', '20231119103239', '20231108113422', '2023-11-20', 1),
('20231120144109', 'BUVARD', 'BUVARD', 2762, 160, '20231120093910', '20231120093631', '20231120092932', '20231108113422', '2023-11-20', 1),
('20231120155113', 'LT-BEIGE', 'LT-BEIGE', 20280, 160, '20231120104933', '20231120104705', '20231120104526', '20231115065800', '2023-11-20', 1),
('20231120155950', 'LT-BEIGE', 'LT-BEIGE', 49680, 160, '20231120105743', '20231120105643', '20231120105418', '20231115065800', '2023-11-20', 1),
('20231120182813', 'LT-BIGE', 'LT-BIGE', 10000, 160, '20231120132644', '20231120132539', '20231120132402', '20231115065800', '2023-11-20', 1),
('20231121090544', 'MARINE', 'MARINE', 3500, 160, '20231121040354', '20231121040030', '20231121035857', '20231108113422', '2023-11-21', 1),
('20231121091208', 'MARINE', 'MARINE', 2500, 160, '20231121041035', '20231121040922', '20231121040816', '20231108113422', '2023-11-21', 1),
('20231121092415', 'M-ECRU', 'M-ECRU', 4000, 180, '20231121042238', '20231121042137', '20231121041834', '20231113114414', '2023-11-21', 1),
('20231121113318', 'ECRU', 'ECRU', 5688, 150, '20231121063011', '20231121062816', '20231121062522', '20231108113422', '2023-11-21', 1),
('20231121115223', 'NATUREL', 'NATUREL', 2976, 220, '20231121064752', '20231121064419', '20231121064114', '20231108113422', '2023-11-21', 1),
('20231121120627', 'THYM', 'THYM', 6698, 190, '20231121070228', '20231121070006', '20231121065636', '20231108113422', '2023-11-21', 1),
('20231121153324', 'LT-GREEN', 'LT-GREEN', 2120, 220, '20231121103039', '20231121102942', '20231121102825', '20231121102719', '2023-11-21', 1),
('20231121153821', 'NAVY', 'NANY', 3600, 220, '20231121103039', '20231121102942', '20231121102825', '20231121102719', '2023-11-21', 1),
('20231121154556', 'OATMEAL', 'OATMEAL', 2555, 220, '20231121103039', '20231121102942', '20231121102825', '20231121102719', '2023-11-21', 1),
('20231121154714', 'BLACK', 'BLACK', 9600, 220, '20231121103039', '20231121102942', '20231121102825', '20231121102719', '2023-11-21', 1),
('20231121154830', 'WHITE', 'WHITE', 10200, 220, '20231121103039', '20231121102942', '20231121102825', '20231121102719', '2023-11-21', 1),
('20231121155045', 'SALMON', 'SALMON', 1760, 220, '20231121103039', '20231121102942', '20231121102825', '20231121102719', '2023-11-21', 1),
('20231121155203', 'YELLOW', 'YELLOW', 1210, 220, '20231121103039', '20231121102942', '20231121102825', '20231121102719', '2023-11-21', 1),
('20231121162725', 'IVORY', 'IVORY', 750, 220, '20231121112603', '20231121112459', '20231121102825', '20231121102719', '2023-11-21', 1),
('20231121162839', 'LT-BLUE', 'LT-BLUE', 450, 220, '20231121112603', '20231121112459', '20231121102825', '20231121102719', '2023-11-21', 1),
('20231121162947', 'LIME', 'LIME', 300, 220, '20231121112603', '20231121112459', '20231121102825', '20231121102719', '2023-11-21', 1),
('20231121163741', 'BLUE', 'BLUE', 800, 200, '20231121113610', '20231121113456', '20231121102825', '20231121102719', '2023-11-21', 1),
('20231121163847', 'CREAM', 'CREAM', 600, 200, '20231121113610', '20231121113456', '20231121102825', '20231121102719', '2023-11-21', 1),
('20231121163951', 'LT-PINK', 'LT-PINK', 600, 200, '20231121113610', '20231121113456', '20231121102825', '20231121102719', '2023-11-21', 1),
('20231121172250', 'G-GREEN', 'G-GREEN', 5000, 200, '20231121122103', '20231121121939', '20231121121750', '20231113114414', '2023-11-21', 1),
('20231121181350', 'BOUTELIE', 'BOUTELIE', 702, 160, '20231121131218', '20231121131024', '20231121130740', '20231108113422', '2023-11-21', 1),
('20231122094427', 'B-WHITE', 'B-WHITE', 3100, 200, '20231122044224', '20231122044123', '20231122043901', '20231113114414', '2023-11-22', 1),
('20231122095300', 'S-GREY-MARLE', 'S-GREY-MARLE', 5220, 160, '20231122045127', '20231122045027', '20231122044917', '20231115064811', '2023-11-22', 1),
('20231122095900', 'P-YELLOW', 'P-YELLOW', 7872, 160, '20231122045718', '20231122045619', '20231122045437', '20231115064811', '2023-11-22', 1),
('20231122100847', 'BALLE-RINA', 'BALLE-RINA', 11808, 160, '20231122050704', '20231122050338', '20231122050107', '20231115064811', '2023-11-22', 1),
('20231122162952', 'MARINE', 'MARINE', 3500, 150, '20231122112812', '20231122112705', '20231122112547', '20231108113422', '2023-11-22', 1),
('20231123123728', 'BEIGE', 'BEIGE', 1660, 220, '20231123073553', '20231123073450', '20231121102825', '20231121102719', '2023-11-23', 1),
('20231123123855', 'LT-BLUE', 'LT-BLUE', 1760, 220, '20231123073553', '20231123073450', '20231121102825', '20231121102719', '2023-11-23', 1),
('20231123155024', 'SHADOW', 'SHADOW', 1395, 160, '20231123104848', '20231123104735', '20231123104541', '20231115064930', '2023-11-23', 1),
('20231123155338', 'BLACK', 'BLACK', 1395, 160, '20231123104848', '20231123104735', '20231123104541', '20231115064930', '2023-11-23', 1),
('20231123155444', 'S-WHITE', 'S-WHITE', 1395, 160, '20231123104848', '20231123104735', '20231123104541', '20231115064930', '2023-11-23', 1),
('20231123172443', 'ROCHER', 'ROCHER', 105, 160, '20231123122125', '20231123122021', '20231123121847', '20231108113422', '2023-11-23', 1),
('20231123173620', 'GREY', 'GREY', 600, 200, '20231123123456', '20231123123359', '20231123123303', '20231121102719', '2023-11-23', 1),
('20231123194703', 'ECRU', 'ECRU', 702, 180, '20231118041038', '20231118040942', '20231118040759', '20231108113422', '2023-11-23', 1),
('20231124172050', 'S-WHITE', 'S-WHITE', 2701, 170, '20231124121855', '20231124121756', '20231124121551', '20231113114414', '2023-11-24', 1),
('20231124172903', 'G-GREEN', 'G-GREEN', 2300, 175, '20231124122514', '20231124122356', '20231124122154', '20231113114414', '2023-11-24', 1),
('20231124173406', 'REGATTA', 'REGATTA', 1901, 175, '20231124123237', '20231124123140', '20231124123001', '20231113114414', '2023-11-24', 1);

-- --------------------------------------------------------

--
-- Table structure for table `color_wise_fabric_part`
--

CREATE TABLE `color_wise_fabric_part` (
  `cwfpid` varchar(50) NOT NULL,
  `colorid` varchar(50) NOT NULL,
  `bqty` float NOT NULL,
  `abqty` float NOT NULL,
  `bdia` float NOT NULL,
  `fabrictypeid` int(11) NOT NULL,
  `fabricpartid` int(11) NOT NULL,
  `puomid` int(11) NOT NULL,
  `colorpartstatus` int(11) NOT NULL
) ENGINE=InnoDB DEFAULT CHARSET=utf8mb4;

--
-- Dumping data for table `color_wise_fabric_part`
--

INSERT INTO `color_wise_fabric_part` (`cwfpid`, `colorid`, `bqty`, `abqty`, `bdia`, `fabrictypeid`, `fabricpartid`, `puomid`, `colorpartstatus`) VALUES
('202311081700110', '20231108170011', 1900, 0, 0, 4, 1, 3, 1),
('202311131654430', '20231113165443', 1000, 0, 0, 4, 1, 3, 1),
('202311141635000', '20231114163500', 1600, 0, 70, 14, 1, 3, 1),
('202311141639430', '20231114163943', 1500, 0, 60, 6, 1, 3, 1),
('202311151038280', '20231115103828', 3396, 0, 74, 4, 1, 3, 1),
('202311151053020', '20231115105302', 3650, 0, 74, 4, 1, 3, 1),
('202311151101430', '20231115110143', 2052, 0, 74, 4, 1, 3, 1),
('202311151105380', '20231115110538', 2052, 0, 74, 4, 1, 3, 1),
('202311151109290', '20231115110929', 1701, 0, 74, 4, 1, 3, 1),
('202311151112560', '20231115111256', 2403, 0, 74, 4, 1, 3, 1),
('202311151126570', '20231115112657', 1040, 0, 68, 4, 1, 3, 1),
('202311151143280', '20231115114328', 8000, 0, 70, 4, 1, 3, 1),
('202311151205590', '20231115120559', 2000, 0, 70, 4, 1, 3, 1),
('202311151207190', '20231115120719', 1500, 0, 70, 4, 1, 3, 1),
('202311151209040', '20231115120904', 1500, 0, 70, 4, 1, 3, 1),
('202311151252020', '20231115125202', 3206, 0, 72, 5, 1, 3, 1),
('202311151305250', '20231115130525', 6453, 0, 70, 4, 1, 3, 1),
('202311151331540', '20231115133154', 9679, 0, 70, 4, 1, 3, 1),
('202311151344560', '20231115134456', 9679, 0, 70, 4, 1, 3, 1),
('202311151504130', '20231115150413', 16000, 0, 68, 4, 1, 3, 1),
('202311151515530', '20231115151553', 1500, 0, 68, 4, 1, 3, 1),
('202311151521370', '20231115152137', 2000, 0, 68, 4, 1, 3, 1),
('202311151534530', '20231115153453', 4488, 0, 70, 5, 1, 3, 1),
('202311151543150', '20231115154315', 2992, 0, 70, 4, 1, 3, 1),
('202311151702140', '20231115170214', 5000, 0, 68, 4, 1, 3, 1),
('202311151710570', '20231115171057', 5000, 0, 68, 4, 1, 3, 1),
('202311151716180', '20231115171618', 3200, 0, 68, 4, 1, 3, 1),
('202311151804150', '20231115180415', 6230, 0, 68, 4, 1, 3, 1),
('202311151815180', '20231115181518', 6088, 0, 68, 4, 1, 3, 1),
('202311151930460', '20231115193046', 1055, 0, 70, 4, 1, 3, 1),
('202311160848560', '20231116084856', 8180, 0, 70, 4, 1, 3, 1),
('202311160900060', '20231116090006', 3280, 0, 70, 4, 1, 3, 1),
('202311160944100', '20231116094410', 1082, 0, 70, 4, 1, 3, 1),
('202311160951480', '20231116095148', 1182, 0, 70, 4, 1, 3, 1),
('202311161008290', '20231116100829', 765, 0, 70, 4, 1, 3, 1),
('202311161201090', '20231116120109', 1100, 0, 70, 4, 1, 3, 1),
('202311161228000', '20231116122800', 4999, 0, 58, 4, 1, 3, 1),
('202311161637180', '20231116163718', 1800, 0, 70, 4, 1, 3, 1),
('202311161652000', '20231116165200', 940, 0, 70, 4, 1, 3, 1),
('202311161702290', '20231116170229', 2648, 0, 70, 4, 1, 3, 1),
('202311161947070', '20231116194707', 800, 0, 70, 4, 1, 3, 1),
('202311162000490', '20231116200049', 5000, 0, 70, 4, 1, 3, 1),
('202311162024110', '20231116202411', 585, 0, 70, 4, 1, 3, 1),
('202311170908280', '20231117090828', 400, 0, 70, 4, 1, 3, 1),
('202311170915400', '20231117091540', 1020, 0, 78, 4, 1, 3, 1),
('202311170941450', '20231117094145', 2660, 0, 68, 4, 1, 3, 1),
('202311171141080', '20231117114108', 4701, 0, 70, 4, 1, 3, 1),
('202311171148040', '20231117114804', 4000, 0, 78, 4, 1, 3, 1),
('202311171156260', '20231117115626', 820, 0, 75, 4, 1, 3, 1),
('202311171204430', '20231117120443', 740, 0, 75, 4, 1, 3, 1),
('202311171206090', '20231117120609', 340, 0, 75, 4, 1, 3, 1),
('202311171212590', '20231117121259', 7000, 0, 70, 4, 1, 3, 1),
('202311171457590', '20231117145759', 160, 0, 70, 4, 1, 3, 1),
('202311171530220', '20231117153022', 1100, 0, 70, 4, 1, 3, 1),
('202311171706300', '20231117170630', 700, 0, 75, 4, 1, 3, 1),
('202311180912560', '20231118091256', 2007, 0, 70, 12, 1, 3, 1),
('202311181119450', '20231118111945', 5370, 0, 78, 4, 1, 3, 1),
('202311181823020', '20231118182302', 1020, 0, 75, 4, 1, 3, 1),
('202311181832240', '20231118183224', 3500, 0, 75, 4, 1, 3, 1),
('202311191526540', '20231119152654', 2500, 0, 70, 4, 1, 3, 1),
('202311191540350', '20231119154035', 6000, 0, 70, 4, 1, 3, 1),
('202311191548550', '20231119154855', 938, 0, 75, 4, 1, 3, 1),
('202311191552530', '20231119155253', 670, 0, 70, 4, 1, 3, 1),
('202311191702370', '20231119170237', 804, 0, 75, 4, 1, 3, 1),
('202311191949200', '20231119194920', 4518, 0, 70, 4, 1, 3, 1),
('202311200846500', '20231120084650', 3999, 0, 75, 4, 1, 3, 1),
('202311200912070', '20231120091207', 4499, 0, 75, 4, 1, 3, 1),
('202311200919380', '20231120091938', 7002, 0, 75, 4, 1, 3, 1),
('202311201036240', '20231120103624', 5000, 0, 70, 4, 1, 3, 1),
('202311201052200', '20231120105220', 5000, 0, 75, 4, 1, 3, 1),
('202311201441090', '20231120144109', 2762, 0, 75, 4, 1, 3, 1),
('202311201551130', '20231120155113', 20280, 0, 70, 4, 1, 3, 1),
('202311201559500', '20231120155950', 49680, 0, 70, 4, 1, 3, 1),
('202311201828130', '20231120182813', 10000, 0, 70, 4, 1, 3, 1),
('202311210905440', '20231121090544', 3500, 0, 70, 4, 1, 3, 1),
('202311210912080', '20231121091208', 2500, 0, 70, 4, 1, 3, 1),
('202311210924150', '20231121092415', 4000, 0, 70, 5, 1, 3, 1),
('202311211133180', '20231121113318', 5688, 0, 64, 5, 1, 3, 1),
('202311211152230', '20231121115223', 2976, 0, 65, 12, 1, 3, 1),
('202311211206270', '20231121120627', 6698, 0, 60, 20, 1, 3, 1),
('202311211533240', '20231121153324', 2120, 0, 72, 4, 1, 3, 1),
('202311211538210', '20231121153821', 3600, 0, 72, 4, 1, 3, 1),
('202311211545560', '20231121154556', 2555, 0, 72, 5, 1, 3, 1),
('202311211547140', '20231121154714', 9600, 0, 72, 4, 1, 3, 1),
('202311211548300', '20231121154830', 10200, 0, 72, 4, 1, 3, 1),
('202311211550450', '20231121155045', 1760, 0, 72, 4, 1, 3, 1),
('202311211552030', '20231121155203', 1210, 0, 72, 4, 1, 3, 1),
('202311211627250', '20231121162725', 750, 0, 69, 4, 1, 3, 1),
('202311211628390', '20231121162839', 450, 0, 69, 4, 1, 3, 1),
('202311211629470', '20231121162947', 300, 0, 69, 4, 1, 3, 1),
('202311211637410', '20231121163741', 800, 0, 65, 4, 1, 3, 1),
('202311211638470', '20231121163847', 600, 0, 65, 4, 1, 3, 1),
('202311211639510', '20231121163951', 600, 0, 65, 4, 1, 3, 1),
('202311211722500', '20231121172250', 5000, 0, 50, 4, 1, 3, 1),
('202311211813500', '20231121181350', 702, 0, 70, 4, 1, 3, 1),
('202311220944270', '20231122094427', 3100, 0, 59, 32, 1, 3, 1),
('202311220953000', '20231122095300', 5220, 0, 70, 4, 1, 3, 1),
('202311220959000', '20231122095900', 7872, 0, 70, 4, 1, 3, 1),
('202311221008470', '20231122100847', 11808, 0, 70, 4, 1, 3, 1),
('202311221629520', '20231122162952', 3500, 0, 70, 4, 1, 3, 1),
('202311231237280', '20231123123728', 1660, 0, 75, 4, 1, 3, 1),
('202311231238550', '20231123123855', 1760, 0, 75, 4, 1, 3, 1),
('202311231550240', '20231123155024', 1395, 0, 70, 4, 1, 3, 1),
('202311231553380', '20231123155338', 1395, 0, 70, 4, 1, 3, 1),
('202311231554440', '20231123155444', 1395, 0, 70, 4, 1, 3, 1),
('202311231724430', '20231123172443', 105, 0, 70, 4, 1, 3, 1),
('202311231736200', '20231123173620', 600, 0, 70, 4, 1, 3, 1),
('202311231947030', '20231123194703', 702, 0, 70, 12, 1, 3, 1),
('202311241720500', '20231124172050', 2701, 0, 70, 4, 1, 3, 1),
('202311241729030', '20231124172903', 2300, 0, 70, 4, 1, 3, 1),
('202311241734060', '20231124173406', 1901, 0, 70, 4, 1, 3, 1);

-- --------------------------------------------------------

--
-- Table structure for table `department`
--

CREATE TABLE `department` (
  `deptid` int(11) NOT NULL,
  `departmentname` varchar(50) NOT NULL
) ENGINE=InnoDB DEFAULT CHARSET=utf8mb4;

--
-- Dumping data for table `department`
--

INSERT INTO `department` (`deptid`, `departmentname`) VALUES
(1, 'Store'),
(2, 'Fabric'),
(3, 'Accessories'),
(4, 'Fab & Acc'),
(5, 'Security'),
(6, 'Cutting'),
(7, 'Print'),
(8, 'Wash'),
(9, 'Embroidary');

-- --------------------------------------------------------

--
-- Table structure for table `designation`
--

CREATE TABLE `designation` (
  `desigid` int(11) NOT NULL,
  `designation` varchar(50) NOT NULL
) ENGINE=InnoDB DEFAULT CHARSET=utf8mb4;

--
-- Dumping data for table `designation`
--

INSERT INTO `designation` (`desigid`, `designation`) VALUES
(1, 'Manager'),
(2, 'Jr Officer'),
(3, 'Sr. Officer'),
(4, 'Officer');

-- --------------------------------------------------------

--
-- Stand-in structure for view `fabric_cutting_return_view`
-- (See below for the actual view)
--
CREATE TABLE `fabric_cutting_return_view` (
`buyerid` varchar(50)
,`jobnoid` varchar(50)
,`styleid` varchar(50)
,`orderid` varchar(50)
,`colorid` varchar(50)
,`fabricpartid` int(11)
,`buyername` varchar(20)
,`jobno` varchar(50)
,`stylename` varchar(50)
,`ordername` varchar(50)
,`colorcode` varchar(50)
,`colorname` varchar(50)
,`fabricpart` varchar(50)
,`returnamount` double
);

-- --------------------------------------------------------

--
-- Table structure for table `fabric_delivery`
--

CREATE TABLE `fabric_delivery` (
  `fabricdeliveryid` varchar(50) NOT NULL,
  `fabricreceivedid` varchar(50) NOT NULL,
  `fabricdeliverytypeid` varchar(50) NOT NULL,
  `odeliveryamount` float NOT NULL,
  `deliveryamount` float NOT NULL,
  `deliverychallanno` varchar(50) NOT NULL,
  `dremarks` varchar(200) NOT NULL,
  `ddate` date NOT NULL,
  `fabricdeliverystatus` int(11) NOT NULL
) ENGINE=InnoDB DEFAULT CHARSET=utf8mb4;

-- --------------------------------------------------------

--
-- Stand-in structure for view `fabric_delivery_cutting`
-- (See below for the actual view)
--
CREATE TABLE `fabric_delivery_cutting` (
`fabricdeliveryid` varchar(50)
,`fabricreceivedid` varchar(50)
,`fabricdeliverytypeid` varchar(50)
,`deliveryamount` float
,`deliverychallanno` varchar(50)
,`dremarks` varchar(200)
,`ddate` date
,`fabricdeliverystatus` int(11)
);

-- --------------------------------------------------------

--
-- Stand-in structure for view `fabric_delivery_cutting_view`
-- (See below for the actual view)
--
CREATE TABLE `fabric_delivery_cutting_view` (
`buyerid` varchar(50)
,`jobnoid` varchar(50)
,`styleid` varchar(50)
,`orderid` varchar(50)
,`colorid` varchar(50)
,`fabricpartid` int(11)
,`buyername` varchar(20)
,`jobno` varchar(50)
,`stylename` varchar(50)
,`ordername` varchar(50)
,`colorcode` varchar(50)
,`colorname` varchar(50)
,`fabricpart` varchar(50)
,`cdeliveryamount` double
);

-- --------------------------------------------------------

--
-- Stand-in structure for view `fabric_delivery_sample`
-- (See below for the actual view)
--
CREATE TABLE `fabric_delivery_sample` (
`fabricdeliveryid` varchar(50)
,`fabricreceivedid` varchar(50)
,`fabricdeliverytypeid` varchar(50)
,`deliveryamount` float
,`deliverychallanno` varchar(50)
,`dremarks` varchar(200)
,`ddate` date
,`fabricdeliverystatus` int(11)
);

-- --------------------------------------------------------

--
-- Stand-in structure for view `fabric_delivery_sample_view`
-- (See below for the actual view)
--
CREATE TABLE `fabric_delivery_sample_view` (
`buyerid` varchar(50)
,`jobnoid` varchar(50)
,`styleid` varchar(50)
,`orderid` varchar(50)
,`colorid` varchar(50)
,`fabricpartid` int(11)
,`buyername` varchar(20)
,`jobno` varchar(50)
,`stylename` varchar(50)
,`ordername` varchar(50)
,`colorcode` varchar(50)
,`colorname` varchar(50)
,`fabricpart` varchar(50)
,`sdeliveryamount` double
);

-- --------------------------------------------------------

--
-- Stand-in structure for view `fabric_delivery_trail_cutting_view`
-- (See below for the actual view)
--
CREATE TABLE `fabric_delivery_trail_cutting_view` (
`buyerid` varchar(50)
,`jobnoid` varchar(50)
,`styleid` varchar(50)
,`orderid` varchar(50)
,`colorid` varchar(50)
,`fabricpartid` int(11)
,`buyername` varchar(20)
,`jobno` varchar(50)
,`stylename` varchar(50)
,`ordername` varchar(50)
,`colorcode` varchar(50)
,`colorname` varchar(50)
,`fabricpart` varchar(50)
,`tcdeliveryamount` double
);

-- --------------------------------------------------------

--
-- Stand-in structure for view `fabric_delivery_trial`
-- (See below for the actual view)
--
CREATE TABLE `fabric_delivery_trial` (
`fabricdeliveryid` varchar(50)
,`fabricreceivedid` varchar(50)
,`fabricdeliverytypeid` varchar(50)
,`deliveryamount` float
,`deliverychallanno` varchar(50)
,`dremarks` varchar(200)
,`ddate` date
,`fabricdeliverystatus` int(11)
);

-- --------------------------------------------------------

--
-- Table structure for table `fabric_delivery_type`
--

CREATE TABLE `fabric_delivery_type` (
  `fabricideliverytypeid` int(11) NOT NULL,
  `fabricdeliverytype` varchar(20) NOT NULL
) ENGINE=InnoDB DEFAULT CHARSET=utf8mb4;

--
-- Dumping data for table `fabric_delivery_type`
--

INSERT INTO `fabric_delivery_type` (`fabricideliverytypeid`, `fabricdeliverytype`) VALUES
(1, 'Cutting'),
(2, 'Internal'),
(3, 'External'),
(4, 'Sample'),
(5, 'Trial Cutting');

-- --------------------------------------------------------

--
-- Stand-in structure for view `fabric_delivery_view`
-- (See below for the actual view)
--
CREATE TABLE `fabric_delivery_view` (
`buyerid` varchar(50)
,`jobnoid` varchar(50)
,`styleid` varchar(50)
,`orderid` varchar(50)
,`colorid` varchar(50)
,`fabricpartid` int(11)
,`buyername` varchar(20)
,`jobno` varchar(50)
,`stylename` varchar(50)
,`ordername` varchar(50)
,`colorcode` varchar(50)
,`colorname` varchar(50)
,`fabricpart` varchar(50)
,`deliveryamount` double
,`odeliveryamount` double
);

-- --------------------------------------------------------

--
-- Stand-in structure for view `fabric_details_report_view`
-- (See below for the actual view)
--
CREATE TABLE `fabric_details_report_view` (
`buyername` varchar(20)
,`jobno` varchar(50)
,`stylename` varchar(50)
,`ordername` varchar(50)
,`colorcode` varchar(50)
,`colorname` varchar(50)
,`fabricpart` varchar(50)
,`fabrictype` varchar(50)
,`bqty` float
,`abqty` float
,`frqty` double
,`tfqty` double
,`deliveryamount` double
,`odeliveryamount` double
,`cdeliveryamount` double
,`sdeliveryamount` double
,`tcdeliveryamount` double
,`otqty` double
,`returnamount` double
,`texreturnamount` double
,`toreceive` double
,`remainingday` int(7)
,`ltod` date
);

-- --------------------------------------------------------

--
-- Table structure for table `fabric_order_transfer`
--

CREATE TABLE `fabric_order_transfer` (
  `fabricordertranferid` varchar(50) NOT NULL,
  `fabricreceivedid` varchar(50) NOT NULL,
  `otqty` float NOT NULL,
  `otdate` date NOT NULL,
  `fabricordertransferstatus` int(11) NOT NULL
) ENGINE=InnoDB DEFAULT CHARSET=utf8mb4;

-- --------------------------------------------------------

--
-- Stand-in structure for view `fabric_order_transfer_to_receive_view`
-- (See below for the actual view)
--
CREATE TABLE `fabric_order_transfer_to_receive_view` (
`buyerid` varchar(50)
,`jobnoid` varchar(50)
,`styleid` varchar(50)
,`orderid` varchar(50)
,`colorid` varchar(50)
,`fabricpartid` int(11)
,`buyername` varchar(20)
,`jobno` varchar(50)
,`stylename` varchar(50)
,`ordername` varchar(50)
,`colorcode` varchar(50)
,`colorname` varchar(50)
,`fabricpart` varchar(50)
,`toreceive` double
);

-- --------------------------------------------------------

--
-- Stand-in structure for view `fabric_order_transfer_view`
-- (See below for the actual view)
--
CREATE TABLE `fabric_order_transfer_view` (
`buyerid` varchar(50)
,`jobnoid` varchar(50)
,`styleid` varchar(50)
,`orderid` varchar(50)
,`colorid` varchar(50)
,`fabricpartid` int(11)
,`buyername` varchar(20)
,`jobno` varchar(50)
,`stylename` varchar(50)
,`ordername` varchar(50)
,`colorcode` varchar(50)
,`colorname` varchar(50)
,`fabricpart` varchar(50)
,`otqty` double
);

-- --------------------------------------------------------

--
-- Stand-in structure for view `fabric_order_wise_delivery_cutting_report`
-- (See below for the actual view)
--
CREATE TABLE `fabric_order_wise_delivery_cutting_report` (
`jobno` varchar(50)
,`jobnoid` varchar(50)
,`buyername` varchar(20)
,`buyerid` varchar(50)
,`stylename` varchar(50)
,`styleid` varchar(50)
,`ordername` varchar(50)
,`orderid` varchar(50)
,`colorname` varchar(50)
,`colorid` varchar(50)
,`fabricpart` varchar(50)
,`fabricpartid` int(11)
,`cdeliveryamount` double
);

-- --------------------------------------------------------

--
-- Stand-in structure for view `fabric_order_wise_delivery_report`
-- (See below for the actual view)
--
CREATE TABLE `fabric_order_wise_delivery_report` (
`jobno` varchar(50)
,`jobnoid` varchar(50)
,`buyername` varchar(20)
,`buyerid` varchar(50)
,`stylename` varchar(50)
,`styleid` varchar(50)
,`ordername` varchar(50)
,`orderid` varchar(50)
,`colorname` varchar(50)
,`colorid` varchar(50)
,`fabricpart` varchar(50)
,`fabricpartid` int(11)
,`deliveryamount` double
);

-- --------------------------------------------------------

--
-- Stand-in structure for view `fabric_order_wise_delivery_sample_report`
-- (See below for the actual view)
--
CREATE TABLE `fabric_order_wise_delivery_sample_report` (
`jobno` varchar(50)
,`jobnoid` varchar(50)
,`buyername` varchar(20)
,`buyerid` varchar(50)
,`stylename` varchar(50)
,`styleid` varchar(50)
,`ordername` varchar(50)
,`orderid` varchar(50)
,`colorid` varchar(50)
,`colorname` varchar(50)
,`fabricpart` varchar(50)
,`fabricpartid` int(11)
,`sdeliveryamount` double
);

-- --------------------------------------------------------

--
-- Stand-in structure for view `fabric_order_wise_delivery_trial_cutting_report`
-- (See below for the actual view)
--
CREATE TABLE `fabric_order_wise_delivery_trial_cutting_report` (
`jobno` varchar(50)
,`jobnoid` varchar(50)
,`buyername` varchar(20)
,`buyerid` varchar(50)
,`stylename` varchar(50)
,`styleid` varchar(50)
,`ordername` varchar(50)
,`orderid` varchar(50)
,`colorname` varchar(50)
,`colorid` varchar(50)
,`fabricpart` varchar(50)
,`fabricpartid` int(11)
,`tcdeliveryamount` double
);

-- --------------------------------------------------------

--
-- Stand-in structure for view `fabric_order_wise_received_report`
-- (See below for the actual view)
--
CREATE TABLE `fabric_order_wise_received_report` (
`jobno` varchar(50)
,`jobnoid` varchar(50)
,`jobnostatus` int(11)
,`fabricreceivedstatus` int(11)
,`buyername` varchar(20)
,`buyerid` varchar(50)
,`stylename` varchar(50)
,`styleid` varchar(50)
,`ordername` varchar(50)
,`orderid` varchar(50)
,`colorname` varchar(50)
,`colorid` varchar(50)
,`fabrictype` varchar(50)
,`cwoqty` int(11)
,`colorcode` varchar(50)
,`ltod` date
,`fabricpart` varchar(50)
,`fabricpartid` int(11)
,`bqty` float
,`abqty` float
,`frqty` double
,`tfqty` double
,`returnamount` double
,`otqty` double
);

-- --------------------------------------------------------

--
-- Stand-in structure for view `fabric_order_wise_received_report1`
-- (See below for the actual view)
--
CREATE TABLE `fabric_order_wise_received_report1` (
`remainingday` int(7)
,`jobno` varchar(50)
,`jobnoid` varchar(50)
,`jobnostatus` int(11)
,`fabricreceivedstatus` int(11)
,`buyername` varchar(20)
,`buyerid` varchar(50)
,`stylename` varchar(50)
,`styleid` varchar(50)
,`ordername` varchar(50)
,`orderid` varchar(50)
,`colorname` varchar(50)
,`colorid` varchar(50)
,`fabrictype` varchar(50)
,`cwoqty` int(11)
,`colorcode` varchar(50)
,`ltod` date
,`fabricpart` varchar(50)
,`fabricpartid` int(11)
,`bqty` float
,`abqty` float
,`frqty` double
,`tfqty` double
,`returnamount` double
,`deliveryamount` double
,`cdeliveryamount` double
,`sdeliveryamount` double
,`tcdeliveryamount` double
,`texreturnamount` double
,`otqty` double
);

-- --------------------------------------------------------

--
-- Table structure for table `fabric_part`
--

CREATE TABLE `fabric_part` (
  `fabricpartid` int(11) NOT NULL,
  `fabricpart` varchar(50) NOT NULL
) ENGINE=InnoDB DEFAULT CHARSET=utf8mb4;

--
-- Dumping data for table `fabric_part`
--

INSERT INTO `fabric_part` (`fabricpartid`, `fabricpart`) VALUES
(1, 'Body Part'),
(2, 'RIB'),
(3, 'Collar cuff'),
(4, 'S/jersey'),
(5, 'Bottom Cuff'),
(6, 'Drawcord'),
(7, 'Binding'),
(8, 'Pocket'),
(9, 'Frill'),
(10, 'Btm+Slv');

-- --------------------------------------------------------

--
-- Table structure for table `fabric_rack_transfer`
--

CREATE TABLE `fabric_rack_transfer` (
  `fabricracktransferid` varchar(50) NOT NULL,
  `fabricreceivedid` varchar(50) NOT NULL,
  `amount` float NOT NULL DEFAULT 0,
  `fabricracktransferstatus` int(11) NOT NULL DEFAULT 0
) ENGINE=InnoDB DEFAULT CHARSET=utf8mb4;

-- --------------------------------------------------------

--
-- Stand-in structure for view `fabric_rack_transfer_dis_id`
-- (See below for the actual view)
--
CREATE TABLE `fabric_rack_transfer_dis_id` (
`rtfabricreceivedid` varchar(50)
);

-- --------------------------------------------------------

--
-- Table structure for table `fabric_received`
--

CREATE TABLE `fabric_received` (
  `fabricreceivedid` varchar(50) NOT NULL,
  `frcdate` date NOT NULL,
  `challanno` varchar(10) NOT NULL,
  `supplierid` varchar(50) NOT NULL,
  `buyerid` varchar(50) NOT NULL,
  `jobnoid` varchar(50) NOT NULL,
  `styleid` varchar(50) NOT NULL,
  `orderid` varchar(50) NOT NULL,
  `colorid` varchar(50) NOT NULL,
  `bookingtypeid` varchar(50) NOT NULL,
  `lotno` varchar(10) NOT NULL,
  `dia` varchar(10) NOT NULL,
  `fabricpartid` int(11) NOT NULL,
  `frqty` float NOT NULL,
  `tfqty` float NOT NULL,
  `racknoid` varchar(20) NOT NULL,
  `frtypestatus` int(11) NOT NULL,
  `userid` varchar(50) NOT NULL,
  `fabricreceivedstatus` int(11) NOT NULL
) ENGINE=InnoDB DEFAULT CHARSET=utf8mb4;

-- --------------------------------------------------------

--
-- Table structure for table `fabric_received_log`
--

CREATE TABLE `fabric_received_log` (
  `fabricreceivedid` varchar(50) NOT NULL,
  `frcdate` date NOT NULL,
  `challanno` varchar(10) NOT NULL,
  `supplierid` varchar(50) NOT NULL,
  `buyerid` varchar(50) NOT NULL,
  `jobnoid` varchar(50) NOT NULL,
  `styleid` varchar(50) NOT NULL,
  `orderid` varchar(50) NOT NULL,
  `colorid` varchar(50) NOT NULL,
  `bookingtypeid` varchar(50) NOT NULL,
  `lotno` varchar(10) NOT NULL,
  `dia` varchar(10) NOT NULL,
  `fabricpartid` int(11) NOT NULL,
  `frqty` float NOT NULL,
  `tfqty` float NOT NULL,
  `racknoid` varchar(20) NOT NULL,
  `frtypestatus` int(11) NOT NULL,
  `userid` varchar(50) NOT NULL,
  `fabricreceivedstatus` int(11) NOT NULL
) ENGINE=InnoDB DEFAULT CHARSET=utf8mb4;

-- --------------------------------------------------------

--
-- Table structure for table `fabric_received_update_log`
--

CREATE TABLE `fabric_received_update_log` (
  `frulid` varchar(50) NOT NULL,
  `fabricreceivedid` varchar(50) NOT NULL,
  `challanno` varchar(50) NOT NULL,
  `supplierid` varchar(50) NOT NULL,
  `lotno` varchar(50) NOT NULL,
  `dia` varchar(50) NOT NULL,
  `frqty` float NOT NULL,
  `tfqty` float NOT NULL,
  `userid` varchar(50) NOT NULL,
  `fabriculdate` date NOT NULL,
  `fabricultime` time NOT NULL
) ENGINE=InnoDB DEFAULT CHARSET=utf8mb4;

-- --------------------------------------------------------

--
-- Stand-in structure for view `fabric_receive_view`
-- (See below for the actual view)
--
CREATE TABLE `fabric_receive_view` (
`buyerid` varchar(50)
,`jobnoid` varchar(50)
,`styleid` varchar(50)
,`orderid` varchar(50)
,`colorid` varchar(50)
,`fabricpartid` int(11)
,`buyername` varchar(20)
,`jobno` varchar(50)
,`stylename` varchar(50)
,`ordername` varchar(50)
,`colorcode` varchar(50)
,`colorname` varchar(50)
,`fabricpart` varchar(50)
,`frqty` double
,`tfqty` double
,`bqty` float
,`abqty` float
,`fabrictype` varchar(50)
,`ltod` date
);

-- --------------------------------------------------------

--
-- Table structure for table `fabric_return`
--

CREATE TABLE `fabric_return` (
  `fabricreturnid` varchar(50) NOT NULL,
  `fabricreceivedid` varchar(50) NOT NULL,
  `fabricdeliveryid` varchar(50) NOT NULL,
  `returnamount` float NOT NULL,
  `returnchallanno` varchar(50) NOT NULL,
  `rdate` date NOT NULL,
  `fabricreturnstatus` int(11) NOT NULL
) ENGINE=InnoDB DEFAULT CHARSET=utf8mb4;

-- --------------------------------------------------------

--
-- Table structure for table `fabric_return_to_textile`
--

CREATE TABLE `fabric_return_to_textile` (
  `fabrictexreturnid` varchar(50) NOT NULL,
  `fabricreceivedid` varchar(50) NOT NULL,
  `freturntypeid` varchar(50) NOT NULL,
  `texreturnamount` float NOT NULL,
  `texreturnchallanno` varchar(50) NOT NULL,
  `texrdate` date NOT NULL,
  `fabrictexreturnstatus` int(11) NOT NULL
) ENGINE=InnoDB DEFAULT CHARSET=utf8mb4;

-- --------------------------------------------------------

--
-- Table structure for table `fabric_return_type`
--

CREATE TABLE `fabric_return_type` (
  `freturntypeid` varchar(50) NOT NULL,
  `freturntypename` varchar(50) NOT NULL
) ENGINE=InnoDB DEFAULT CHARSET=utf8mb4;

--
-- Dumping data for table `fabric_return_type`
--

INSERT INTO `fabric_return_type` (`freturntypeid`, `freturntypename`) VALUES
('202303201519050', 'Cutting'),
('202303201519051', 'Store');

-- --------------------------------------------------------

--
-- Stand-in structure for view `fabric_textile_return_view`
-- (See below for the actual view)
--
CREATE TABLE `fabric_textile_return_view` (
`buyerid` varchar(50)
,`jobnoid` varchar(50)
,`styleid` varchar(50)
,`orderid` varchar(50)
,`colorid` varchar(50)
,`fabricpartid` int(11)
,`buyername` varchar(20)
,`jobno` varchar(50)
,`stylename` varchar(50)
,`ordername` varchar(50)
,`colorcode` varchar(50)
,`colorname` varchar(50)
,`fabricpart` varchar(50)
,`texreturnamount` double
);

-- --------------------------------------------------------

--
-- Table structure for table `fabric_type`
--

CREATE TABLE `fabric_type` (
  `fabrictypeid` int(11) NOT NULL,
  `fabrictype` varchar(50) NOT NULL
) ENGINE=InnoDB DEFAULT CHARSET=utf8mb4;

--
-- Dumping data for table `fabric_type`
--

INSERT INTO `fabric_type` (`fabrictypeid`, `fabrictype`) VALUES
(4, 'S/jersey, 100% Cotton'),
(5, 'S/Jersey, 100% Bci Cotton'),
(6, 'Pique, 100% Organic cotton'),
(7, 'Digonal terry, 100% Cotton '),
(8, 'Mini terry, 100% Cotton'),
(9, 'Denim Terry 95% Org; Ctn 5% Elastane'),
(10, 'S/j slub, 100% Organic cotton'),
(11, 'S/jersey 100% Organic cotton'),
(12, '1x1 Rib 100% Bci cotton'),
(13, 'Fleece, 60/40 Bci ctn/Recycle poly'),
(14, 'S/Jersey, 60/40 Bci ctn/Recycled poly'),
(15, '1x1 Lyc rib, 95% Ctn 5% Elastane'),
(16, 'S/Jersey Lyc 95% Bci ctn 5% Elastane'),
(17, 'Woven'),
(18, 'Woven 100% Cotton'),
(19, 'Waffle 100% Organic ctn'),
(20, 'Fleece 95% Organic cotton 5% Elastane'),
(21, '1x1 Rib 100% Organic ctn'),
(22, '2x2 Lyc Rib 95% Bci ctn 5% Elastane'),
(23, '2x2 Lyc rib Tube'),
(24, 'S/Jersey 99% Organic ctn 1% Viscose'),
(25, 'S/Jersey Y/d 100% Organic ctn'),
(26, 'Freanch terry slub, 100% Organic ctn'),
(27, '2x2 Rib'),
(28, 'S/Jersey Y/D stripe 100% Organic ctn slub'),
(29, 'Interlock 100% Cotton'),
(30, 'Pointal V.Rib 100% Bci ctn'),
(31, 'S/Lacoste Pique, 100% Bci ctn'),
(32, 'Pique, 100% Cotton'),
(33, '5x1 Rib 100% Cotton'),
(34, '1x1 Lyc Rib 95% ctn 5% Spandex'),
(35, 'Woven, Rayon/Poly'),
(36, 'Georgette knit,100% Polyester'),
(37, '4x2 Lyc rib, 92% Org; ctn, 8% Elastane'),
(38, 'S/j, 100% Bci combed ctn'),
(39, '2x1 Lyc rib'),
(40, 'S/Jersey, 99% Ctn 1% Viscose'),
(41, 'S/Jersey'),
(42, 'S/J Lyc 95% Organic ctn 5% Elastane'),
(43, 'Flat knit collar & cuff'),
(44, 'Pique, 99% Org;ctn 1% Viscose'),
(45, 'S/j 80% Bci ctn, 20% Recycle ctn'),
(46, 'Pique, 70% Ctn 30% Poly'),
(47, 'S/Jersey 65% Polyster 35% Ctn'),
(48, 'S/J 60% Ctn 40% Polyester'),
(49, '2x2 Rib 95% Org ctn 5% Elastane'),
(50, 'Velvet, 76% Ctn 24% Polyester'),
(51, 'Fleece, 100% Cotton'),
(52, '2x2 Rib, 100% Org ctn'),
(53, 'Napped Fleece,100% Polyster'),
(54, '2x2 Rib, 95% polyester 5% spandex'),
(55, 'Taffeta,100% Polyester'),
(56, 'Quilt knit, 56/42/2 Poly/Cotton/Spandex'),
(57, '2x2 Rib, 62/33/5% Poly/Cotton/Spandex	'),
(58, 'Rts ponte, 73%R 25%Poly 2%Span'),
(59, 'Boa Pile,100% Polyster'),
(60, 'Knit Corduroy,60% Polyester 38% Cotton 2 % Spx	'),
(61, 'Popcorn fleece,100% Polyester	'),
(62, 'Pique,95% Bci ctn 5% Elastane'),
(63, 'S/Lacoste, 60% Ctn 40% Poly'),
(64, 'Poplin, 100% Ctn'),
(65, '2x2 Rib, 100% Ctn'),
(66, '5x2 Rib 100% Org; ctn'),
(67, 'Jacquard Mesh, 67% Polyester 31% Cotton 2% Lycra,'),
(68, '1X1 Lyc Rib, 67% Polyester 31% Cotton 2% Lycra, '),
(69, 'Towel terry, 70/30% Poly/Ctn'),
(70, 'S/j, 75% BCI ctn 25% Rec ctn	'),
(71, 'S/j, 100% Lenging Viscose'),
(72, 'S/j, 100% Eco vera viscose'),
(73, 'Ottoman rib, 50% org;ctn,50% Bci ctn'),
(74, 'Test-Type');

-- --------------------------------------------------------

--
-- Stand-in structure for view `fab_delivery_dis_id`
-- (See below for the actual view)
--
CREATE TABLE `fab_delivery_dis_id` (
`dfabricreceivedid` varchar(50)
);

-- --------------------------------------------------------

--
-- Table structure for table `factory`
--

CREATE TABLE `factory` (
  `factoryid` varchar(50) NOT NULL,
  `factoryname` varchar(50) NOT NULL,
  `factory_address` varchar(100) NOT NULL
) ENGINE=InnoDB DEFAULT CHARSET=utf8mb4;

--
-- Dumping data for table `factory`
--

INSERT INTO `factory` (`factoryid`, `factoryname`, `factory_address`) VALUES
('AKL', 'AKL', 'Hemayetpur'),
('BGL', 'Babylon Garments', 'Mirpur'),
('BPL', 'Babylon Printers Ltd', 'Hemayetpur'),
('BWL', 'Babylon Washing Ltd', 'Hemayetpur'),
('HO', 'Head Office', 'Mirpur'),
('JEL', 'Juniper Embridary Limited', 'Hemayetpur');

-- --------------------------------------------------------

--
-- Table structure for table `garments_part`
--

CREATE TABLE `garments_part` (
  `gpid` int(11) NOT NULL,
  `garmentspart` varchar(50) NOT NULL
) ENGINE=InnoDB DEFAULT CHARSET=utf8mb4;

--
-- Dumping data for table `garments_part`
--

INSERT INTO `garments_part` (`gpid`, `garmentspart`) VALUES
(1, 'Body Part'),
(2, 'Back Part'),
(3, 'BK'),
(4, 'BK PART'),
(5, 'FRONT PART'),
(6, 'BK+FR PART'),
(7, 'BK+FR+SL'),
(8, 'POCKET');

-- --------------------------------------------------------

--
-- Table structure for table `gsize`
--

CREATE TABLE `gsize` (
  `sizeid` varchar(50) NOT NULL,
  `sizename` varchar(50) NOT NULL,
  `swoqty` int(11) NOT NULL,
  `puomid` int(11) NOT NULL,
  `colorid` varchar(50) NOT NULL,
  `orderid` varchar(50) NOT NULL,
  `styleid` varchar(50) NOT NULL,
  `jobnoid` varchar(50) NOT NULL,
  `buyerid` varchar(50) NOT NULL,
  `sizestatus` int(11) NOT NULL
) ENGINE=InnoDB DEFAULT CHARSET=utf8mb4;

--
-- Dumping data for table `gsize`
--

INSERT INTO `gsize` (`sizeid`, `sizename`, `swoqty`, `puomid`, `colorid`, `orderid`, `styleid`, `jobnoid`, `buyerid`, `sizestatus`) VALUES
('202312141238150', 'S', 20, 3, '20231117153022', '20231117102737', '20231117102622', '20231117102454', '20231108113422', 1),
('202312141238151', 'M', 50, 3, '20231117153022', '20231117102737', '20231117102622', '20231117102454', '20231108113422', 1),
('202312141238152', 'L', 90, 3, '20231117153022', '20231117102737', '20231117102622', '20231117102454', '20231108113422', 1),
('202312141238153', 'XL', 150, 3, '20231117153022', '20231117102737', '20231117102622', '20231117102454', '20231108113422', 1),
('202312141240020', 'S', 100, 3, '20231116095148', '20231116043936', '20231116043817', '20231116043638', '20231115064930', 1),
('202312141240021', 'M', 100, 3, '20231116095148', '20231116043936', '20231116043817', '20231116043638', '20231115064930', 1),
('202312141240022', 'L', 300, 3, '20231116095148', '20231116043936', '20231116043817', '20231116043638', '20231115064930', 1),
('202312141240023', 'XL', 500, 3, '20231116095148', '20231116043936', '20231116043817', '20231116043638', '20231115064930', 1),
('202312141312120', 'S', 500, 3, '20231116094410', '20231116043936', '20231116043817', '20231116043638', '20231115064930', 1),
('202312141312121', 'M', 900, 3, '20231116094410', '20231116043936', '20231116043817', '20231116043638', '20231115064930', 1),
('202312141312122', 'L', 2000, 3, '20231116094410', '20231116043936', '20231116043817', '20231116043638', '20231115064930', 1),
('202312141312123', 'XL', 1000, 3, '20231116094410', '20231116043936', '20231116043817', '20231116043638', '20231115064930', 1),
('202312141317140', '1', 1000, 3, '20231113165443', '20231113114948', '20231113114721', '20231113114602', '20231113114414', 1),
('202312141317141', '11', 500, 3, '20231113165443', '20231113114948', '20231113114721', '20231113114602', '20231113114414', 1),
('202312141434210', '2/1', 300, 3, '20231123173620', '20231123123456', '20231123123359', '20231123123303', '20231121102719', 1),
('202312141434211', '2/2', 300, 3, '20231123173620', '20231123123456', '20231123123359', '20231123123303', '20231121102719', 1),
('202312141434212', '2/3', 300, 3, '20231123173620', '20231123123456', '20231123123359', '20231123123303', '20231121102719', 1),
('202312141502071', 'M1', 22, 3, '20231117153022', '20231117102737', '20231117102622', '20231117102454', '20231108113422', 1),
('202312141655220', 'S', 5000, 3, '20231123155338', '20231123104848', '20231123104735', '20231123104541', '20231115064930', 1),
('202312141655221', 'M', 5000, 3, '20231123155338', '20231123104848', '20231123104735', '20231123104541', '20231115064930', 1),
('202312141655222', 'L', 5000, 3, '20231123155338', '20231123104848', '20231123104735', '20231123104541', '20231115064930', 1),
('202312141655223', 'XL', 5000, 3, '20231123155338', '20231123104848', '20231123104735', '20231123104541', '20231115064930', 1);

-- --------------------------------------------------------

--
-- Table structure for table `jobno`
--

CREATE TABLE `jobno` (
  `jobnoid` varchar(50) NOT NULL,
  `jobno` varchar(50) NOT NULL,
  `buyerid` varchar(50) NOT NULL,
  `jobnostatus` int(11) NOT NULL
) ENGINE=InnoDB DEFAULT CHARSET=utf8mb4;

--
-- Dumping data for table `jobno`
--

INSERT INTO `jobno` (`jobnoid`, `jobno`, `buyerid`, `jobnostatus`) VALUES
('20231108113824', '31-24-0842', '20231108113422', 1),
('20231113114602', '1017601', '20231113114414', 1),
('20231114112057', '33-24-0308', '20231108113422', 1),
('20231115040526', '31-24-1012', '20231108113422', 1),
('20231115052835', '4993', '20231115052608', 1),
('20231115055618', '8827', '20231115052608', 1),
('20231115062104', '31-24-0718', '20231108113422', 1),
('20231115063656', '1017598', '20231113114414', 1),
('20231115070002', '31-24-0725', '20231108113422', 1),
('20231115074619', '460-14327', '20231115064811', 1),
('20231115075726', '460-14332', '20231115064811', 1),
('20231115081026', '460-14330', '20231115064811', 1),
('20231115094332', '14081', '20231115065422', 1),
('20231115101017', '33-24-0477', '20231108113422', 1),
('20231115101757', '33-24-0475', '20231108113422', 1),
('20231115102842', '975885', '20231115065348', 1),
('20231115103823', '30-24-0448', '20231108113422', 1),
('20231115115629', '31-24-718', '20231108113422', 1),
('20231115120625', '31-24-1010.11', '20231108113422', 1),
('20231115125954', '31-24-0633.34', '20231108113422', 1),
('20231115130834', '30-24-0446/47/50', '20231108113422', 1),
('20231115142509', '33-24-0317/18', '20231108113422', 1),
('20231116033742', '460-14334', '20231115064811', 1),
('20231116035427', '460-14333', '20231115064811', 1),
('20231116043638', '23-0939', '20231115064930', 1),
('20231116050209', '33-24-0427', '20231108113422', 1),
('20231116065634', '33-24-0425', '20231108113422', 1),
('20231116072123', '1017291', '20231113114414', 1),
('20231116113237', '33-24-0309-310', '20231108113422', 1),
('20231116114439', '231036', '20231115064930', 1),
('20231116143840', '33-24-0324', '20231108113422', 1),
('20231116145607', '31-24-1052-53', '20231108113422', 1),
('20231116151243', '33-240315', '20231108113422', 1),
('20231116151552', '33-24-0315', '20231108113422', 1),
('20231117040329', '33-24-0314', '20231108113422', 1),
('20231117042123', '30-24-0449-51', '20231108113422', 1),
('20231117063607', '1017603', '20231113114414', 1),
('20231117064345', '1017604', '20231113114414', 1),
('20231117065145', '23-1044', '20231115064930', 1),
('20231117070752', '1017599', '20231113114414', 1),
('20231117075753', 'ALEX', '20231117075205', 1),
('20231117081008', '160172', '20231115064930', 1),
('20231117081605', '160172', '20231117080854', 1),
('20231117102454', '30-24-0425', '20231108113422', 1),
('20231118034545', '31-24-842/43', '20231108113422', 1),
('20231118040759', '31-24-0644-45', '20231108113422', 1),
('20231118061406', '33-24-0477-78', '20231108113422', 1),
('20231118131010', '23-1045', '20231115064930', 1),
('20231118132836', '33-24-0322-21', '20231108113422', 1),
('20231119103239', '31-24-0724-25', '20231108113422', 1),
('20231119104405', '23-1327', '20231115064930', 1),
('20231119144423', '33-24-0475-476', '20231108113422', 1),
('20231120033832', '1017408', '20231113114414', 1),
('20231120040617', '1017594', '20231113114414', 1),
('20231120041503', '1017595', '20231113114414', 1),
('20231120053146', '1018079', '20231113114414', 1),
('20231120092932', '30-24-0728-29', '20231108113422', 1),
('20231120104526', '1074793', '20231115065800', 1),
('20231120105204', '1074794', '20231115065800', 1),
('20231120105418', '1074794-795-796', '20231115065800', 1),
('20231120132402', '91109344', '20231115065800', 1),
('20231121035857', '33-24-0473', '20231108113422', 1),
('20231121040816', '33-24-0474', '20231108113422', 1),
('20231121041834', '1017602', '20231113114414', 1),
('20231121062522', '30-24-0452-53', '20231108113422', 1),
('20231121064114', '30-24-0607-608', '20231108113422', 1),
('20231121065636', '31-24-0635-36', '20231108113422', 1),
('20231121102825', 'KOREAPO', '20231121102719', 1),
('20231121121750', '1018042', '20231113114414', 1),
('20231121130740', '31-24-0927-28', '20231108113422', 1),
('20231122041518', '14328', '20231115064811', 1),
('20231122043901', '1018311', '20231113114414', 1),
('20231122044734', '460-14327-328', '20231115064811', 1),
('20231122044917', '460-14328', '20231115064811', 1),
('20231122045437', '460-14331', '20231115064811', 1),
('20231122050107', '460-14329', '20231115064811', 1),
('20231122112547', '33-24-0319-20', '20231108113422', 1),
('20231123104541', '23-0997', '20231115064930', 1),
('20231123121847', '33-24-0326', '20231108113422', 1),
('20231123123303', '02402S2T91', '20231121102719', 1),
('20231124121551', '1018080', '20231113114414', 1),
('20231124122154', '1018081', '20231113114414', 1),
('20231124123001', '1018082', '20231113114414', 1);

-- --------------------------------------------------------

--
-- Stand-in structure for view `lot_wise_delivery_view`
-- (See below for the actual view)
--
CREATE TABLE `lot_wise_delivery_view` (
`buyerid` varchar(50)
,`jobnoid` varchar(50)
,`styleid` varchar(50)
,`orderid` varchar(50)
,`colorid` varchar(50)
,`fabricpartid` int(11)
,`deliveryamount` double
,`odeliveryamount` double
,`fdlotno` varchar(10)
);

-- --------------------------------------------------------

--
-- Stand-in structure for view `lot_wise_details_report_view`
-- (See below for the actual view)
--
CREATE TABLE `lot_wise_details_report_view` (
`buyername` varchar(20)
,`jobno` varchar(50)
,`stylename` varchar(50)
,`ordername` varchar(50)
,`colorcode` varchar(50)
,`colorname` varchar(50)
,`fabrictype` varchar(50)
,`fabricpart` varchar(50)
,`lotno` varchar(10)
,`frqty` double
,`tfqty` double
,`deliveryamount` double
,`odeliveryamount` double
,`returnamount` double
,`texreturnamount` double
,`otqty` double
,`toreceive` double
);

-- --------------------------------------------------------

--
-- Stand-in structure for view `lot_wise_order_transfer_to_receive_view`
-- (See below for the actual view)
--
CREATE TABLE `lot_wise_order_transfer_to_receive_view` (
`buyerid` varchar(50)
,`jobnoid` varchar(50)
,`styleid` varchar(50)
,`orderid` varchar(50)
,`colorid` varchar(50)
,`fabricpartid` int(11)
,`toreceive` double
,`toreceivelotno` varchar(10)
);

-- --------------------------------------------------------

--
-- Stand-in structure for view `lot_wise_order_transfer_view`
-- (See below for the actual view)
--
CREATE TABLE `lot_wise_order_transfer_view` (
`buyerid` varchar(50)
,`jobnoid` varchar(50)
,`styleid` varchar(50)
,`orderid` varchar(50)
,`colorid` varchar(50)
,`fabricpartid` int(11)
,`otqty` double
,`otqtylotno` varchar(10)
);

-- --------------------------------------------------------

--
-- Stand-in structure for view `lot_wise_receive_view`
-- (See below for the actual view)
--
CREATE TABLE `lot_wise_receive_view` (
`buyerid` varchar(50)
,`buyername` varchar(20)
,`jobnoid` varchar(50)
,`jobno` varchar(50)
,`styleid` varchar(50)
,`stylename` varchar(50)
,`orderid` varchar(50)
,`ordername` varchar(50)
,`colorid` varchar(50)
,`colorcode` varchar(50)
,`colorname` varchar(50)
,`lotno` varchar(10)
,`fabrictype` varchar(50)
,`fabricpartid` int(11)
,`fabricpart` varchar(50)
,`frqty` double
,`tfqty` double
);

-- --------------------------------------------------------

--
-- Stand-in structure for view `lot_wise_return_cutting_to_store_view`
-- (See below for the actual view)
--
CREATE TABLE `lot_wise_return_cutting_to_store_view` (
`buyerid` varchar(50)
,`jobnoid` varchar(50)
,`styleid` varchar(50)
,`orderid` varchar(50)
,`colorid` varchar(50)
,`fabricpartid` int(11)
,`returnamount` double
,`cuttingtostorerelotno` varchar(10)
);

-- --------------------------------------------------------

--
-- Stand-in structure for view `lot_wise_return_store_to_textile_view`
-- (See below for the actual view)
--
CREATE TABLE `lot_wise_return_store_to_textile_view` (
`buyerid` varchar(50)
,`jobnoid` varchar(50)
,`styleid` varchar(50)
,`orderid` varchar(50)
,`colorid` varchar(50)
,`fabricpartid` int(11)
,`texreturnamount` double
,`storetotextilerelotno` varchar(10)
);

-- --------------------------------------------------------

--
-- Table structure for table `non_po_challanm1_insert`
--

CREATE TABLE `non_po_challanm1_insert` (
  `npochmid` varchar(50) NOT NULL,
  `sfactoryid` varchar(50) NOT NULL,
  `challanno` varchar(50) NOT NULL,
  `dfactoryid` varchar(50) NOT NULL,
  `userid` varchar(50) NOT NULL,
  `crcdate` date NOT NULL,
  `cmonth` varchar(15) NOT NULL,
  `cyear` varchar(15) NOT NULL,
  `sdate` date NOT NULL,
  `stime` time NOT NULL,
  `rdate` date NOT NULL,
  `rtime` time NOT NULL,
  `status` int(11) NOT NULL,
  `non_non_challanm1status` int(11) NOT NULL
) ENGINE=InnoDB DEFAULT CHARSET=utf8mb4;

--
-- Dumping data for table `non_po_challanm1_insert`
--

INSERT INTO `non_po_challanm1_insert` (`npochmid`, `sfactoryid`, `challanno`, `dfactoryid`, `userid`, `crcdate`, `cmonth`, `cyear`, `sdate`, `stime`, `rdate`, `rtime`, `status`, `non_non_challanm1status`) VALUES
('20240103151601', 'HO', '1', 'BPL', '', '0000-00-00', 'January', '1970', '2024-01-03', '15:16:01', '0000-00-00', '00:00:00', 1, 1),
('20240103152427', 'HO', '11', 'BPL', 'HO926', '0000-00-00', 'January', '2024', '2024-01-03', '15:24:27', '0000-00-00', '00:00:00', 1, 1),
('20240103152629', 'HO', '2', 'BPL', 'HO926', '2024-01-03', 'January', '2024', '2024-01-03', '15:26:29', '0000-00-00', '00:00:00', 1, 1);

-- --------------------------------------------------------

--
-- Table structure for table `non_po_challanm2_insert`
--

CREATE TABLE `non_po_challanm2_insert` (
  `npochmid2` varchar(50) NOT NULL,
  `npochmid1` varchar(50) NOT NULL,
  `nppcid` varchar(50) NOT NULL,
  `pname` varchar(50) NOT NULL,
  `spqty` varchar(50) NOT NULL,
  `puomid` varchar(50) NOT NULL,
  `challantype` float NOT NULL,
  `rpqty` float NOT NULL,
  `sremarks` varchar(500) NOT NULL,
  `rremarks` varchar(500) NOT NULL,
  `non_po_challanm2status` int(11) NOT NULL
) ENGINE=InnoDB DEFAULT CHARSET=utf8mb4;

--
-- Dumping data for table `non_po_challanm2_insert`
--

INSERT INTO `non_po_challanm2_insert` (`npochmid2`, `npochmid1`, `nppcid`, `pname`, `spqty`, `puomid`, `challantype`, `rpqty`, `sremarks`, `rremarks`, `non_po_challanm2status`) VALUES
('202401031516010', '20240103151601', '1', 'Pencil', '10', '', 3, 2, '', '', 1),
('202401031516011', '20240103151601', '2', 'Laptop', '1', '', 3, 2, 'IT Product', '', 1),
('202401031524270', '20240103152427', '1', 'Book', '10', '', 3, 2, '', '', 1),
('202401031524271', '20240103152427', '2', 'Mouse', '2', '', 3, 2, '', '', 1),
('202401031526290', '20240103152629', '1', 'File', '5', '', 3, 2, '', '', 1),
('202401031526291', '20240103152629', '2', 'keyboard', '2', '', 3, 2, '', '', 1);

-- --------------------------------------------------------

--
-- Table structure for table `non_po_product_category`
--

CREATE TABLE `non_po_product_category` (
  `nppcid` int(11) NOT NULL,
  `nppcname` varchar(50) NOT NULL
) ENGINE=InnoDB DEFAULT CHARSET=utf8mb4;

--
-- Dumping data for table `non_po_product_category`
--

INSERT INTO `non_po_product_category` (`nppcid`, `nppcname`) VALUES
(1, 'General'),
(2, 'IT');

-- --------------------------------------------------------

--
-- Table structure for table `production_type`
--

CREATE TABLE `production_type` (
  `ptid` int(11) NOT NULL,
  `productiontype` varchar(50) NOT NULL
) ENGINE=InnoDB DEFAULT CHARSET=utf8mb4;

--
-- Dumping data for table `production_type`
--

INSERT INTO `production_type` (`ptid`, `productiontype`) VALUES
(1, 'Print'),
(2, 'Wash'),
(3, 'Embroidary');

-- --------------------------------------------------------

--
-- Table structure for table `product_uom_insert`
--

CREATE TABLE `product_uom_insert` (
  `puomid` int(11) NOT NULL,
  `puom` varchar(20) NOT NULL
) ENGINE=InnoDB DEFAULT CHARSET=utf8mb4;

--
-- Dumping data for table `product_uom_insert`
--

INSERT INTO `product_uom_insert` (`puomid`, `puom`) VALUES
(1, 'KG'),
(2, 'Meter'),
(3, 'pcs');

-- --------------------------------------------------------

--
-- Table structure for table `rackno`
--

CREATE TABLE `rackno` (
  `racknoid` varchar(50) NOT NULL,
  `rackno` varchar(50) NOT NULL
) ENGINE=InnoDB DEFAULT CHARSET=utf8mb4;

--
-- Dumping data for table `rackno`
--

INSERT INTO `rackno` (`racknoid`, `rackno`) VALUES
('20230225060735', 'R-1-A-1'),
('20230225060749', 'R-1-A-2'),
('20230225060815', 'R-1-A-3'),
('20230225060824', 'R-1-B-1'),
('20230225060830', 'R-1-B-2'),
('20230225061003', 'OUT OFF RACK'),
('20230225061226', 'R-2-A-1'),
('20230225061235', 'R-2-A-2'),
('20230225061246', 'R-2-B-1'),
('20230225061256', 'R-2-B-2'),
('20230225061304', 'R-3-A-1'),
('20230225061311', 'R-3-A-2'),
('20230225061319', 'R-3-B-1'),
('20230225061328', 'R-3-B-2'),
('20230225061707', 'R-4-A-1'),
('20230225061714', 'R-4-A-2'),
('20230225061720', 'R-4-B-1'),
('20230225061727', 'R-4-B-2'),
('20230225061736', 'R-5-A-1'),
('20230225061742', 'R-5-A-2'),
('20230225061747', 'R-5-B-1'),
('20230225061754', 'R-5-B-2'),
('20230225061759', 'R-6-A-1'),
('20230225061807', 'R-6-A-2'),
('20230225061813', 'R-6-B-1'),
('20230225061819', 'R-6-B-2'),
('20230225061825', 'R-7-A-1'),
('20230225061831', 'R-7-A-2'),
('20230225061839', 'R-7-B-1'),
('20230225061845', 'R-7-B-2'),
('20230225062315', 'R-12-A-1'),
('20230311091408', 'R-8-MAT'),
('20230311092046', 'R-14-B-1'),
('20230312054203', 'R-11-A-1'),
('20230318040555', 'R-10-A-5'),
('20230318040830', 'R-10-A-1'),
('20230318041011', 'R-9-B-4'),
('20230318041345', 'R-11-A-5'),
('20230318041943', 'R-9-A-3'),
('20230318042642', 'R-9-A-6'),
('20230318042806', 'R-11-B-2'),
('20230318044653', 'R-13-A-3'),
('20230318045601', 'R-13-A-2'),
('20230318055817', 'R-12-A-2'),
('20230319035444', 'R-9-A-4'),
('20230319041646', 'R-8-B-4'),
('20230319045950', 'R-13-B-6'),
('20230319050152', 'R-8-A-9'),
('20230320101707', 'R-10-B-1'),
('20230322042935', 'R-12-B-2'),
('20230322044903', 'R-1-LANE'),
('20230322055308', 'R-8-B-7'),
('20230322055351', 'R-11-A-2'),
('20230323053049', 'R-9-B-3'),
('20230323054500', 'R-12-B-3'),
('20230323095718', 'Fabric Store'),
('20230527071546', 'R-14-A-3'),
('20230527072543', 'R-8-A-1'),
('20230527073019', 'R-8-A-10'),
('20230527073423', 'R-12-A-3'),
('20230527073753', 'R-10-A-2'),
('20230527073918', 'R-9-A-5'),
('20230527074028', 'R-9-A-2'),
('20230528052515', 'R-13-B-3'),
('20230528061039', 'R-13-B-2'),
('20230529050625', 'QC'),
('20230601061829', 'R-13-A-1'),
('20230603064440', 'R-14-A-2'),
('20230605061509', 'R-8-A-2'),
('20230606052317', 'R-8-A-3'),
('20230606140718', 'R-12-A-3+4'),
('20230607115111', 'R-11-A-3'),
('20230611084532', 'R-8-A-4+5'),
('20230611085405', 'BMS'),
('20230611090317', 'R-14-A-1'),
('20230613074521', 'R-8-A-7'),
('20230614062207', 'R-9-A-1'),
('20230614062843', 'R-10-A-4'),
('20230614063413', 'R-10-A-3'),
('20230615053009', 'R-14-B-3'),
('20230619075044', 'R-12-A-4'),
('20230619080120', 'R-14-B-2'),
('20230623113640', '1');

-- --------------------------------------------------------

--
-- Table structure for table `style`
--

CREATE TABLE `style` (
  `styleid` varchar(50) NOT NULL,
  `jobnoid` varchar(50) NOT NULL,
  `stylename` varchar(50) NOT NULL,
  `buyerid` varchar(50) NOT NULL,
  `stylestatus` int(11) NOT NULL
) ENGINE=InnoDB DEFAULT CHARSET=utf8mb4;

--
-- Dumping data for table `style`
--

INSERT INTO `style` (`styleid`, `jobnoid`, `stylename`, `buyerid`, `stylestatus`) VALUES
('20231108114247', '20231108113824', '62R Buchebio M-43', '20231108113422', 1),
('20231113114721', '20231113114602', 'PAVE', '20231113114414', 1),
('20231114112231', '20231108113824', 'CHARLINE', '20231108113422', 1),
('20231114112851', '20231114112057', 'CHARLINE', '20231108113422', 1),
('20231115040625', '20231115040526', '62-R-BUCHE -BIOM', '20231108113422', 1),
('20231115052954', '20231115052835', '5291256', '20231115052608', 1),
('20231115055711', '20231115052835', '5395663', '20231115052608', 1),
('20231115055837', '20231115055618', '5395663', '20231115052608', 1),
('20231115062252', '20231115062104', '60-R-BARBAREBIO', '20231108113422', 1),
('20231115064014', '20231115063656', 'PAVE', '20231113114414', 1),
('20231115070246', '20231115070002', '62-BETABIO', '20231108113422', 1),
('20231115074753', '20231115074619', '412450', '20231115064811', 1),
('20231115075824', '20231115074619', '412452', '20231115064811', 1),
('20231115080152', '20231115075726', '412452', '20231115064811', 1),
('20231115081144', '20231115081026', '412451', '20231115064811', 1),
('20231115084110', '20231115081026', 'CC412451', '20231115064811', 1),
('20231115094440', '20231115094332', '3241-739', '20231115065422', 1),
('20231115101124', '20231115101017', 'DAPHNE', '20231108113422', 1),
('20231115101919', '20231115101757', 'DAPHNE', '20231108113422', 1),
('20231115103100', '20231115102842', 'UKBDYPIRU4S.YD', '20231115065348', 1),
('20231115103950', '20231115103823', '32-DACHELETTE', '20231108113422', 1),
('20231115115840', '20231115062104', '60-R-BARBAREBIO.YD', '20231108113422', 1),
('20231115120759', '20231115120625', '62-R-BUCHEBIO.YD', '20231108113422', 1),
('20231115130110', '20231115125954', 'CAYA.YD', '20231108113422', 1),
('20231115131057', '20231115130834', '32-B-MULTICO.YD', '20231108113422', 1),
('20231115142655', '20231115142509', 'MANOR', '20231108113422', 1),
('20231116033856', '20231115074619', '412453', '20231115064811', 1),
('20231116034201', '20231116033742', '412453', '20231115064811', 1),
('20231116035554', '20231116035427', '412453', '20231115064811', 1),
('20231116043817', '20231116043638', '22ZO2335AFU', '20231115064930', 1),
('20231116050349', '20231116050209', 'DAPHNE', '20231108113422', 1),
('20231116065809', '20231116065634', 'DAPHNE', '20231108113422', 1),
('20231116072302', '20231116072123', 'BMUSIQUE.YD', '20231113114414', 1),
('20231116113359', '20231116113237', 'DABORD', '20231108113422', 1),
('20231116114635', '20231116043638', '48Z02556B1GP', '20231115064930', 1),
('20231116114853', '20231116114439', '48ZO2556GP', '20231115064930', 1),
('20231116144031', '20231116143840', 'AMELIE', '20231108113422', 1),
('20231116145800', '20231116145607', '60-CORDEBIO.YD', '20231108113422', 1),
('20231116152050', '20231116151552', 'GINETTENABIS', '20231108113422', 1),
('20231117040512', '20231117040329', 'MANOR', '20231108113422', 1),
('20231117042542', '20231117042123', '32-DACHELETTEC', '20231108113422', 1),
('20231117063733', '20231117063607', 'PAVEL', '20231113114414', 1),
('20231117064508', '20231117064345', 'PAVEL', '20231113114414', 1),
('20231117065331', '20231117065145', '48ZO2556B2GP', '20231115064930', 1),
('20231117070911', '20231117070752', 'PAVEL', '20231113114414', 1),
('20231117075837', '20231117075753', 'ALEX', '20231117075205', 1),
('20231117095501', '20231117081605', 'SC3X-ASTROS', '20231117080854', 1),
('20231117102622', '20231117102454', 'DAPHNE', '20231108113422', 1),
('20231118034653', '20231118034545', '62-R- BUCHE BIO M', '20231108113422', 1),
('20231118035511', '20231118034545', '62-R-BUCHE BIO M', '20231108113422', 1),
('20231118040942', '20231118040759', '60-MARTIN.YD', '20231108113422', 1),
('20231118061538', '20231118061406', 'DAPHNE', '20231108113422', 1),
('20231118132012', '20231118131010', '48ZO2556B3GP', '20231115064930', 1),
('20231118132953', '20231118132836', 'GINETTE', '20231108113422', 1),
('20231119101451', '20231116072123', 'BMUSIQUE', '20231113114414', 1),
('20231119103424', '20231119103239', '62-BETABIO', '20231108113422', 1),
('20231119104535', '20231119104405', '48ZO2556C', '20231115064930', 1),
('20231119144614', '20231119144423', 'DAPHNE-GABRIELLE', '20231108113422', 1),
('20231120034100', '20231120033832', 'JACOPO', '20231113114414', 1),
('20231120040823', '20231120040617', 'JACOPO', '20231113114414', 1),
('20231120041617', '20231120041503', 'JACOPO', '20231113114414', 1),
('20231120053317', '20231120053146', 'JACOPO', '20231113114414', 1),
('20231120093631', '20231120092932', '43-DANAIDES', '20231108113422', 1),
('20231120104705', '20231120104526', 'SS24MOW181', '20231115065800', 1),
('20231120105643', '20231120105418', 'SS24MOW181', '20231115065800', 1),
('20231120132539', '20231120132402', 'SS24MOW019', '20231115065800', 1),
('20231121040030', '20231121035857', 'DAPHNE', '20231108113422', 1),
('20231121040922', '20231121040816', 'DAPHNE', '20231108113422', 1),
('20231121042137', '20231121041834', 'PAVEL', '20231113114414', 1),
('20231121062816', '20231121062522', '32DALOUAF-452', '20231108113422', 1),
('20231121064419', '20231121064114', '32-DEBUSSYESCA', '20231108113422', 1),
('20231121070006', '20231121065636', 'PLOUISETTEM-35', '20231108113422', 1),
('20231121102942', '20231121102825', 'CO2402ST02', '20231121102719', 1),
('20231121112459', '20231121102825', 'CO2402ST79', '20231121102719', 1),
('20231121113456', '20231121102825', 'C02402ST83', '20231121102719', 1),
('20231121121939', '20231121121750', 'NIELS', '20231113114414', 1),
('20231121131024', '20231121130740', '60MARTINBIO-SOLIT', '20231108113422', 1),
('20231122041553', '20231122041518', 'CC-412450', '20231115064811', 1),
('20231122044123', '20231122043901', 'NIELS', '20231113114414', 1),
('20231122045027', '20231122044917', '412450', '20231115064811', 1),
('20231122045619', '20231122045437', '412452', '20231115064811', 1),
('20231122050338', '20231122050107', '412451', '20231115064811', 1),
('20231122112705', '20231122112547', 'GINETTE', '20231108113422', 1),
('20231123073450', '20231121102825', '02402STO1', '20231121102719', 1),
('20231123104735', '20231123104541', '1202556AGP', '20231115064930', 1),
('20231123122021', '20231123121847', 'CHATEAU', '20231108113422', 1),
('20231123123359', '20231123123303', '02402S2T91', '20231121102719', 1),
('20231124121756', '20231124121551', 'PIERRETTE', '20231113114414', 1),
('20231124122356', '20231124122154', 'PIERRETTE', '20231113114414', 1),
('20231124123140', '20231124123001', 'PIERRETTE', '20231113114414', 1);

-- --------------------------------------------------------

--
-- Table structure for table `supplier`
--

CREATE TABLE `supplier` (
  `supplierid` varchar(50) NOT NULL,
  `stiid` varchar(50) NOT NULL,
  `supplier` varchar(100) NOT NULL
) ENGINE=InnoDB DEFAULT CHARSET=utf8mb4;

-- --------------------------------------------------------

--
-- Table structure for table `supplier_type`
--

CREATE TABLE `supplier_type` (
  `stiid` varchar(50) NOT NULL,
  `suppliertype` varchar(50) NOT NULL
) ENGINE=InnoDB DEFAULT CHARSET=utf8mb4;

--
-- Dumping data for table `supplier_type`
--

INSERT INTO `supplier_type` (`stiid`, `suppliertype`) VALUES
('20230413110653', 'Textile'),
('20230413110659', 'Internal'),
('20230413110705', 'External');

-- --------------------------------------------------------

--
-- Stand-in structure for view `supplier_view`
-- (See below for the actual view)
--
CREATE TABLE `supplier_view` (
`stiid` varchar(50)
,`suppliertype` varchar(50)
,`supplierid` varchar(50)
,`supplier` varchar(100)
);

-- --------------------------------------------------------

--
-- Stand-in structure for view `total_fabric_order_transfer`
-- (See below for the actual view)
--
CREATE TABLE `total_fabric_order_transfer` (
`fabricreceivedid` varchar(50)
,`otqty` double
);

-- --------------------------------------------------------

--
-- Stand-in structure for view `total_fabric_rack_transfer`
-- (See below for the actual view)
--
CREATE TABLE `total_fabric_rack_transfer` (
`fabricracktransferid` varchar(50)
,`fabricreceivedid` varchar(50)
,`trtamount` double
,`fabricracktransferstatus` int(11)
);

-- --------------------------------------------------------

--
-- Stand-in structure for view `total_fabric_return`
-- (See below for the actual view)
--
CREATE TABLE `total_fabric_return` (
`fabricreceivedid` varchar(50)
,`fabricdeliveryid` varchar(50)
,`returnamount` double
);

-- --------------------------------------------------------

--
-- Stand-in structure for view `total_fabric_return1`
-- (See below for the actual view)
--
CREATE TABLE `total_fabric_return1` (
`buyername` varchar(20)
,`buyerid` varchar(50)
,`jobno` varchar(50)
,`jobnoid` varchar(50)
,`stylename` varchar(50)
,`styleid` varchar(50)
,`ordername` varchar(50)
,`orderid` varchar(50)
,`colorcode` varchar(50)
,`colorname` varchar(50)
,`colorid` varchar(50)
,`fabricpart` varchar(50)
,`fabricpartid` int(11)
,`returnamount` double
);

-- --------------------------------------------------------

--
-- Stand-in structure for view `total_fabric_return_to_textile`
-- (See below for the actual view)
--
CREATE TABLE `total_fabric_return_to_textile` (
`fabricreceivedid` varchar(50)
,`texreturnamount` double
);

-- --------------------------------------------------------

--
-- Stand-in structure for view `total_fabric_return_to_textile1`
-- (See below for the actual view)
--
CREATE TABLE `total_fabric_return_to_textile1` (
`buyername` varchar(20)
,`buyerid` varchar(50)
,`jobno` varchar(50)
,`jobnoid` varchar(50)
,`stylename` varchar(50)
,`styleid` varchar(50)
,`ordername` varchar(50)
,`orderid` varchar(50)
,`colorcode` varchar(50)
,`colorname` varchar(50)
,`colorid` varchar(50)
,`fabricpart` varchar(50)
,`fabricpartid` int(11)
,`texreturnamount` double
);

-- --------------------------------------------------------

--
-- Stand-in structure for view `total_fab_delivery`
-- (See below for the actual view)
--
CREATE TABLE `total_fab_delivery` (
`fabricreceivedid` varchar(50)
,`deliveryamount` double
);

-- --------------------------------------------------------

--
-- Stand-in structure for view `total_fab_delivery_cutting`
-- (See below for the actual view)
--
CREATE TABLE `total_fab_delivery_cutting` (
`fabricreceivedid` varchar(50)
,`cdeliveryamount` double
);

-- --------------------------------------------------------

--
-- Stand-in structure for view `total_fab_delivery_sample`
-- (See below for the actual view)
--
CREATE TABLE `total_fab_delivery_sample` (
`fabricreceivedid` varchar(50)
,`sdeliveryamount` double
);

-- --------------------------------------------------------

--
-- Stand-in structure for view `total_fab_delivery_tcutting`
-- (See below for the actual view)
--
CREATE TABLE `total_fab_delivery_tcutting` (
`fabricreceivedid` varchar(50)
,`tdeliveryamount` double
);

-- --------------------------------------------------------

--
-- Stand-in structure for view `total_fab_order_transfer_receive`
-- (See below for the actual view)
--
CREATE TABLE `total_fab_order_transfer_receive` (
`toreceive` double
,`fabricreceivedid` varchar(50)
);

-- --------------------------------------------------------

--
-- Stand-in structure for view `total_fab_received`
-- (See below for the actual view)
--
CREATE TABLE `total_fab_received` (
`fabricreceivedid` varchar(50)
,`buyername` varchar(20)
,`buyerid` varchar(50)
,`jobno` varchar(50)
,`jobnoid` varchar(50)
,`stylename` varchar(50)
,`styleid` varchar(50)
,`ordername` varchar(50)
,`orderid` varchar(50)
,`colorname` varchar(50)
,`colorid` varchar(50)
,`fabricpart` varchar(50)
,`fabricpartid` int(11)
,`bqty` float
,`bdia` float
,`frqty` float
,`tfqty` double
,`lotno` varchar(10)
,`rackno` varchar(50)
,`racknoid` varchar(20)
,`frcdate` date
);

-- --------------------------------------------------------

--
-- Table structure for table `user`
--

CREATE TABLE `user` (
  `factoryid` varchar(50) NOT NULL,
  `departmentid` int(11) NOT NULL,
  `designationid` int(11) NOT NULL,
  `name` varchar(100) NOT NULL,
  `email` varchar(100) NOT NULL,
  `mobile` varchar(100) NOT NULL,
  `user_type` varchar(50) NOT NULL,
  `userid` varchar(50) NOT NULL,
  `password` varchar(50) NOT NULL,
  `ustatus` varchar(100) NOT NULL
) ENGINE=InnoDB DEFAULT CHARSET=utf8mb4;

--
-- Dumping data for table `user`
--

INSERT INTO `user` (`factoryid`, `departmentid`, `designationid`, `name`, `email`, `mobile`, `user_type`, `userid`, `password`, `ustatus`) VALUES
('AKL', 2, 3, 'MD. Ataur Rahman', 'aklcutting@babylon-bd.com', '01740281722', '2', 'AKL18991', 'akl@18991', '1'),
('AKL', 6, 4, 'AKL Cutting', '', '', '2', 'AKLCUTTING', '123456', '1'),
('AKL', 5, 3, 'AKLGATE', '', '', '3', 'AKLGATE', '123456', '1'),
('BGL', 6, 4, 'Cutting', '', '', '2', 'BGLCUTTING', '123456', '1'),
('BGL', 5, 3, 'BGLGATE', '', '', '3', 'BGLGATE', '123456', '1'),
('BPL', 5, 3, 'BPLGATE', '', '', '3', 'BPLGATE', '123456', '1'),
('BPL', 7, 3, 'BPLPRINT', '', '', '2', 'BPLPRINT', '123456', '1'),
('BWL', 5, 3, 'BWLGATE', '', '', '3', 'BWLGATE', '123456', '1'),
('BWL', 8, 3, 'BWLWASH', '', '', '2', 'BWLWASH', '123456', '1'),
('HO', 0, 0, 'MD. Mushfequr Rahman', '', '', '1', 'HO926', 'lossproject', '1'),
('HO', 5, 3, 'HO Gate', '', '', '3', 'HOGATE', '123456', '1'),
('JEL', 9, 3, 'JEL EMB', '', '', '2', 'JELEMB', '123456', '1'),
('JEL', 5, 3, 'JEL GATE', '', '', '3', 'JELGATE', '123456', '1');

-- --------------------------------------------------------

--
-- Table structure for table `userstatus`
--

CREATE TABLE `userstatus` (
  `userstatusid` int(11) NOT NULL,
  `userstatus` varchar(50) NOT NULL
) ENGINE=InnoDB DEFAULT CHARSET=utf8mb4;

--
-- Dumping data for table `userstatus`
--

INSERT INTO `userstatus` (`userstatusid`, `userstatus`) VALUES
(1, 'Active');

-- --------------------------------------------------------

--
-- Table structure for table `usertype`
--

CREATE TABLE `usertype` (
  `usertypeid` int(11) NOT NULL,
  `usertype` varchar(50) NOT NULL
) ENGINE=InnoDB DEFAULT CHARSET=utf8mb4;

--
-- Dumping data for table `usertype`
--

INSERT INTO `usertype` (`usertypeid`, `usertype`) VALUES
(1, 'Admin'),
(2, 'User'),
(3, 'Security Gate');

-- --------------------------------------------------------

--
-- Structure for view `fabric_cutting_return_view`
--
DROP TABLE IF EXISTS `fabric_cutting_return_view`;

CREATE ALGORITHM=UNDEFINED DEFINER=`root`@`localhost` SQL SECURITY DEFINER VIEW `fabric_cutting_return_view`  AS  select `buyer`.`buyerid` AS `buyerid`,`jobno`.`jobnoid` AS `jobnoid`,`style`.`styleid` AS `styleid`,`border`.`orderid` AS `orderid`,`color`.`colorid` AS `colorid`,`fabric_part`.`fabricpartid` AS `fabricpartid`,`buyer`.`buyername` AS `buyername`,`jobno`.`jobno` AS `jobno`,`style`.`stylename` AS `stylename`,`border`.`ordername` AS `ordername`,`color`.`colorcode` AS `colorcode`,`color`.`colorname` AS `colorname`,`fabric_part`.`fabricpart` AS `fabricpart`,sum(`fabric_return`.`returnamount`) AS `returnamount` from ((((((((((`fabric_received` join `color` on(`color`.`colorid` = `fabric_received`.`colorid`)) left join `fabric_return` on(`fabric_return`.`fabricreceivedid` = `fabric_received`.`fabricreceivedid`)) join `border` on(`border`.`orderid` = `fabric_received`.`orderid`)) join `jobno` on(`jobno`.`jobnoid` = `fabric_received`.`jobnoid`)) join `style` on(`style`.`styleid` = `fabric_received`.`styleid`)) join `buyer` on(`buyer`.`buyerid` = `fabric_received`.`buyerid`)) join `fabric_part` on(`fabric_part`.`fabricpartid` = `fabric_received`.`fabricpartid`)) join `color_wise_fabric_part` on(`color_wise_fabric_part`.`colorid` = `color`.`colorid` and `fabric_part`.`fabricpartid` = `color_wise_fabric_part`.`fabricpartid`)) join `fabric_type` on(`fabric_type`.`fabrictypeid` = `color_wise_fabric_part`.`fabrictypeid`)) join `product_uom_insert` on(`product_uom_insert`.`puomid` = `color_wise_fabric_part`.`puomid`)) where `fabric_received`.`fabricreceivedstatus` = '1' group by `buyer`.`buyerid`,`jobno`.`jobnoid`,`style`.`styleid`,`border`.`orderid`,`color`.`colorid`,`fabric_part`.`fabricpartid` ;

-- --------------------------------------------------------

--
-- Structure for view `fabric_delivery_cutting`
--
DROP TABLE IF EXISTS `fabric_delivery_cutting`;

CREATE ALGORITHM=UNDEFINED DEFINER=`root`@`localhost` SQL SECURITY DEFINER VIEW `fabric_delivery_cutting`  AS  select `fabric_delivery`.`fabricdeliveryid` AS `fabricdeliveryid`,`fabric_delivery`.`fabricreceivedid` AS `fabricreceivedid`,`fabric_delivery`.`fabricdeliverytypeid` AS `fabricdeliverytypeid`,`fabric_delivery`.`deliveryamount` AS `deliveryamount`,`fabric_delivery`.`deliverychallanno` AS `deliverychallanno`,`fabric_delivery`.`dremarks` AS `dremarks`,`fabric_delivery`.`ddate` AS `ddate`,`fabric_delivery`.`fabricdeliverystatus` AS `fabricdeliverystatus` from `fabric_delivery` where `fabric_delivery`.`fabricdeliverytypeid` = '1' ;

-- --------------------------------------------------------

--
-- Structure for view `fabric_delivery_cutting_view`
--
DROP TABLE IF EXISTS `fabric_delivery_cutting_view`;

CREATE ALGORITHM=UNDEFINED DEFINER=`root`@`localhost` SQL SECURITY DEFINER VIEW `fabric_delivery_cutting_view`  AS  select `buyer`.`buyerid` AS `buyerid`,`jobno`.`jobnoid` AS `jobnoid`,`style`.`styleid` AS `styleid`,`border`.`orderid` AS `orderid`,`color`.`colorid` AS `colorid`,`fabric_part`.`fabricpartid` AS `fabricpartid`,`buyer`.`buyername` AS `buyername`,`jobno`.`jobno` AS `jobno`,`style`.`stylename` AS `stylename`,`border`.`ordername` AS `ordername`,`color`.`colorcode` AS `colorcode`,`color`.`colorname` AS `colorname`,`fabric_part`.`fabricpart` AS `fabricpart`,sum(`fabric_delivery`.`deliveryamount`) AS `cdeliveryamount` from ((((((((((`fabric_received` join `color` on(`color`.`colorid` = `fabric_received`.`colorid`)) left join `fabric_delivery` on(`fabric_delivery`.`fabricreceivedid` = `fabric_received`.`fabricreceivedid`)) join `border` on(`border`.`orderid` = `fabric_received`.`orderid`)) join `jobno` on(`jobno`.`jobnoid` = `fabric_received`.`jobnoid`)) join `style` on(`style`.`styleid` = `fabric_received`.`styleid`)) join `buyer` on(`buyer`.`buyerid` = `fabric_received`.`buyerid`)) join `fabric_part` on(`fabric_part`.`fabricpartid` = `fabric_received`.`fabricpartid`)) join `color_wise_fabric_part` on(`color_wise_fabric_part`.`colorid` = `color`.`colorid` and `fabric_part`.`fabricpartid` = `color_wise_fabric_part`.`fabricpartid`)) join `fabric_type` on(`fabric_type`.`fabrictypeid` = `color_wise_fabric_part`.`fabrictypeid`)) join `product_uom_insert` on(`product_uom_insert`.`puomid` = `color_wise_fabric_part`.`puomid`)) where `fabric_delivery`.`fabricdeliverytypeid` = '1' and `fabric_received`.`fabricreceivedstatus` = '1' group by `buyer`.`buyerid`,`jobno`.`jobnoid`,`style`.`styleid`,`border`.`orderid`,`color`.`colorid`,`fabric_part`.`fabricpartid` ;

-- --------------------------------------------------------

--
-- Structure for view `fabric_delivery_sample`
--
DROP TABLE IF EXISTS `fabric_delivery_sample`;

CREATE ALGORITHM=UNDEFINED DEFINER=`root`@`localhost` SQL SECURITY DEFINER VIEW `fabric_delivery_sample`  AS  select `fabric_delivery`.`fabricdeliveryid` AS `fabricdeliveryid`,`fabric_delivery`.`fabricreceivedid` AS `fabricreceivedid`,`fabric_delivery`.`fabricdeliverytypeid` AS `fabricdeliverytypeid`,`fabric_delivery`.`deliveryamount` AS `deliveryamount`,`fabric_delivery`.`deliverychallanno` AS `deliverychallanno`,`fabric_delivery`.`dremarks` AS `dremarks`,`fabric_delivery`.`ddate` AS `ddate`,`fabric_delivery`.`fabricdeliverystatus` AS `fabricdeliverystatus` from `fabric_delivery` where `fabric_delivery`.`fabricdeliverytypeid` = '4' ;

-- --------------------------------------------------------

--
-- Structure for view `fabric_delivery_sample_view`
--
DROP TABLE IF EXISTS `fabric_delivery_sample_view`;

CREATE ALGORITHM=UNDEFINED DEFINER=`root`@`localhost` SQL SECURITY DEFINER VIEW `fabric_delivery_sample_view`  AS  select `buyer`.`buyerid` AS `buyerid`,`jobno`.`jobnoid` AS `jobnoid`,`style`.`styleid` AS `styleid`,`border`.`orderid` AS `orderid`,`color`.`colorid` AS `colorid`,`fabric_part`.`fabricpartid` AS `fabricpartid`,`buyer`.`buyername` AS `buyername`,`jobno`.`jobno` AS `jobno`,`style`.`stylename` AS `stylename`,`border`.`ordername` AS `ordername`,`color`.`colorcode` AS `colorcode`,`color`.`colorname` AS `colorname`,`fabric_part`.`fabricpart` AS `fabricpart`,sum(`fabric_delivery`.`deliveryamount`) AS `sdeliveryamount` from ((((((((((`fabric_received` join `color` on(`color`.`colorid` = `fabric_received`.`colorid`)) left join `fabric_delivery` on(`fabric_delivery`.`fabricreceivedid` = `fabric_received`.`fabricreceivedid`)) join `border` on(`border`.`orderid` = `fabric_received`.`orderid`)) join `jobno` on(`jobno`.`jobnoid` = `fabric_received`.`jobnoid`)) join `style` on(`style`.`styleid` = `fabric_received`.`styleid`)) join `buyer` on(`buyer`.`buyerid` = `fabric_received`.`buyerid`)) join `fabric_part` on(`fabric_part`.`fabricpartid` = `fabric_received`.`fabricpartid`)) join `color_wise_fabric_part` on(`color_wise_fabric_part`.`colorid` = `color`.`colorid` and `fabric_part`.`fabricpartid` = `color_wise_fabric_part`.`fabricpartid`)) join `fabric_type` on(`fabric_type`.`fabrictypeid` = `color_wise_fabric_part`.`fabrictypeid`)) join `product_uom_insert` on(`product_uom_insert`.`puomid` = `color_wise_fabric_part`.`puomid`)) where `fabric_delivery`.`fabricdeliverytypeid` = '4' and `fabric_received`.`fabricreceivedstatus` = '1' group by `buyer`.`buyerid`,`jobno`.`jobnoid`,`style`.`styleid`,`border`.`orderid`,`color`.`colorid`,`fabric_part`.`fabricpartid` ;

-- --------------------------------------------------------

--
-- Structure for view `fabric_delivery_trail_cutting_view`
--
DROP TABLE IF EXISTS `fabric_delivery_trail_cutting_view`;

CREATE ALGORITHM=UNDEFINED DEFINER=`root`@`localhost` SQL SECURITY DEFINER VIEW `fabric_delivery_trail_cutting_view`  AS  select `buyer`.`buyerid` AS `buyerid`,`jobno`.`jobnoid` AS `jobnoid`,`style`.`styleid` AS `styleid`,`border`.`orderid` AS `orderid`,`color`.`colorid` AS `colorid`,`fabric_part`.`fabricpartid` AS `fabricpartid`,`buyer`.`buyername` AS `buyername`,`jobno`.`jobno` AS `jobno`,`style`.`stylename` AS `stylename`,`border`.`ordername` AS `ordername`,`color`.`colorcode` AS `colorcode`,`color`.`colorname` AS `colorname`,`fabric_part`.`fabricpart` AS `fabricpart`,sum(`fabric_delivery`.`deliveryamount`) AS `tcdeliveryamount` from ((((((((((`fabric_received` join `color` on(`color`.`colorid` = `fabric_received`.`colorid`)) left join `fabric_delivery` on(`fabric_delivery`.`fabricreceivedid` = `fabric_received`.`fabricreceivedid`)) join `border` on(`border`.`orderid` = `fabric_received`.`orderid`)) join `jobno` on(`jobno`.`jobnoid` = `fabric_received`.`jobnoid`)) join `style` on(`style`.`styleid` = `fabric_received`.`styleid`)) join `buyer` on(`buyer`.`buyerid` = `fabric_received`.`buyerid`)) join `fabric_part` on(`fabric_part`.`fabricpartid` = `fabric_received`.`fabricpartid`)) join `color_wise_fabric_part` on(`color_wise_fabric_part`.`colorid` = `color`.`colorid` and `fabric_part`.`fabricpartid` = `color_wise_fabric_part`.`fabricpartid`)) join `fabric_type` on(`fabric_type`.`fabrictypeid` = `color_wise_fabric_part`.`fabrictypeid`)) join `product_uom_insert` on(`product_uom_insert`.`puomid` = `color_wise_fabric_part`.`puomid`)) where `fabric_delivery`.`fabricdeliverytypeid` = '5' and `fabric_received`.`fabricreceivedstatus` = '1' group by `buyer`.`buyerid`,`jobno`.`jobnoid`,`style`.`styleid`,`border`.`orderid`,`color`.`colorid`,`fabric_part`.`fabricpartid` ;

-- --------------------------------------------------------

--
-- Structure for view `fabric_delivery_trial`
--
DROP TABLE IF EXISTS `fabric_delivery_trial`;

CREATE ALGORITHM=UNDEFINED DEFINER=`root`@`localhost` SQL SECURITY DEFINER VIEW `fabric_delivery_trial`  AS  select `fabric_delivery`.`fabricdeliveryid` AS `fabricdeliveryid`,`fabric_delivery`.`fabricreceivedid` AS `fabricreceivedid`,`fabric_delivery`.`fabricdeliverytypeid` AS `fabricdeliverytypeid`,`fabric_delivery`.`deliveryamount` AS `deliveryamount`,`fabric_delivery`.`deliverychallanno` AS `deliverychallanno`,`fabric_delivery`.`dremarks` AS `dremarks`,`fabric_delivery`.`ddate` AS `ddate`,`fabric_delivery`.`fabricdeliverystatus` AS `fabricdeliverystatus` from `fabric_delivery` where `fabric_delivery`.`fabricdeliverytypeid` = '5' ;

-- --------------------------------------------------------

--
-- Structure for view `fabric_delivery_view`
--
DROP TABLE IF EXISTS `fabric_delivery_view`;

CREATE ALGORITHM=UNDEFINED DEFINER=`root`@`localhost` SQL SECURITY DEFINER VIEW `fabric_delivery_view`  AS  select `buyer`.`buyerid` AS `buyerid`,`jobno`.`jobnoid` AS `jobnoid`,`style`.`styleid` AS `styleid`,`border`.`orderid` AS `orderid`,`color`.`colorid` AS `colorid`,`fabric_part`.`fabricpartid` AS `fabricpartid`,`buyer`.`buyername` AS `buyername`,`jobno`.`jobno` AS `jobno`,`style`.`stylename` AS `stylename`,`border`.`ordername` AS `ordername`,`color`.`colorcode` AS `colorcode`,`color`.`colorname` AS `colorname`,`fabric_part`.`fabricpart` AS `fabricpart`,sum(`fabric_delivery`.`deliveryamount`) AS `deliveryamount`,sum(`fabric_delivery`.`odeliveryamount`) AS `odeliveryamount` from ((((((((((`fabric_received` join `color` on(`color`.`colorid` = `fabric_received`.`colorid`)) left join `fabric_delivery` on(`fabric_delivery`.`fabricreceivedid` = `fabric_received`.`fabricreceivedid`)) join `border` on(`border`.`orderid` = `fabric_received`.`orderid`)) join `jobno` on(`jobno`.`jobnoid` = `fabric_received`.`jobnoid`)) join `style` on(`style`.`styleid` = `fabric_received`.`styleid`)) join `buyer` on(`buyer`.`buyerid` = `fabric_received`.`buyerid`)) join `fabric_part` on(`fabric_part`.`fabricpartid` = `fabric_received`.`fabricpartid`)) join `color_wise_fabric_part` on(`color_wise_fabric_part`.`colorid` = `color`.`colorid` and `fabric_part`.`fabricpartid` = `color_wise_fabric_part`.`fabricpartid`)) join `fabric_type` on(`fabric_type`.`fabrictypeid` = `color_wise_fabric_part`.`fabrictypeid`)) join `product_uom_insert` on(`product_uom_insert`.`puomid` = `color_wise_fabric_part`.`puomid`)) where `fabric_received`.`fabricreceivedstatus` = '1' group by `buyer`.`buyerid`,`jobno`.`jobnoid`,`style`.`styleid`,`border`.`orderid`,`color`.`colorid`,`fabric_part`.`fabricpartid` ;

-- --------------------------------------------------------

--
-- Structure for view `fabric_details_report_view`
--
DROP TABLE IF EXISTS `fabric_details_report_view`;

CREATE ALGORITHM=UNDEFINED DEFINER=`root`@`localhost` SQL SECURITY DEFINER VIEW `fabric_details_report_view`  AS  select `fabric_receive_view`.`buyername` AS `buyername`,`fabric_receive_view`.`jobno` AS `jobno`,`fabric_receive_view`.`stylename` AS `stylename`,`fabric_receive_view`.`ordername` AS `ordername`,`fabric_receive_view`.`colorcode` AS `colorcode`,`fabric_receive_view`.`colorname` AS `colorname`,`fabric_receive_view`.`fabricpart` AS `fabricpart`,`fabric_receive_view`.`fabrictype` AS `fabrictype`,`fabric_receive_view`.`bqty` AS `bqty`,`fabric_receive_view`.`abqty` AS `abqty`,`fabric_receive_view`.`frqty` AS `frqty`,`fabric_receive_view`.`tfqty` AS `tfqty`,`fabric_delivery_view`.`deliveryamount` AS `deliveryamount`,`fabric_delivery_view`.`odeliveryamount` AS `odeliveryamount`,`fabric_delivery_cutting_view`.`cdeliveryamount` AS `cdeliveryamount`,`fabric_delivery_sample_view`.`sdeliveryamount` AS `sdeliveryamount`,`fabric_delivery_trail_cutting_view`.`tcdeliveryamount` AS `tcdeliveryamount`,`fabric_order_transfer_view`.`otqty` AS `otqty`,`fabric_cutting_return_view`.`returnamount` AS `returnamount`,`fabric_textile_return_view`.`texreturnamount` AS `texreturnamount`,`fabric_order_transfer_to_receive_view`.`toreceive` AS `toreceive`,to_days(`fabric_receive_view`.`ltod`) - to_days(curdate()) AS `remainingday`,`fabric_receive_view`.`ltod` AS `ltod` from ((((((((`fabric_receive_view` left join `fabric_delivery_view` on(`fabric_receive_view`.`buyerid` = `fabric_delivery_view`.`buyerid` and `fabric_receive_view`.`jobnoid` = `fabric_delivery_view`.`jobnoid` and `fabric_receive_view`.`styleid` = `fabric_delivery_view`.`styleid` and `fabric_receive_view`.`orderid` = `fabric_delivery_view`.`orderid` and `fabric_receive_view`.`colorid` = `fabric_delivery_view`.`colorid` and `fabric_receive_view`.`fabricpartid` = `fabric_delivery_view`.`fabricpartid`)) left join `fabric_delivery_cutting_view` on(`fabric_receive_view`.`buyerid` = `fabric_delivery_cutting_view`.`buyerid` and `fabric_receive_view`.`jobnoid` = `fabric_delivery_cutting_view`.`jobnoid` and `fabric_receive_view`.`styleid` = `fabric_delivery_cutting_view`.`styleid` and `fabric_receive_view`.`orderid` = `fabric_delivery_cutting_view`.`orderid` and `fabric_receive_view`.`colorid` = `fabric_delivery_cutting_view`.`colorid` and `fabric_receive_view`.`fabricpartid` = `fabric_delivery_cutting_view`.`fabricpartid`)) left join `fabric_delivery_sample_view` on(`fabric_receive_view`.`buyerid` = `fabric_delivery_sample_view`.`buyerid` and `fabric_receive_view`.`jobnoid` = `fabric_delivery_sample_view`.`jobnoid` and `fabric_receive_view`.`styleid` = `fabric_delivery_sample_view`.`styleid` and `fabric_receive_view`.`orderid` = `fabric_delivery_sample_view`.`orderid` and `fabric_receive_view`.`colorid` = `fabric_delivery_sample_view`.`colorid` and `fabric_receive_view`.`fabricpartid` = `fabric_delivery_sample_view`.`fabricpartid`)) left join `fabric_delivery_trail_cutting_view` on(`fabric_receive_view`.`buyerid` = `fabric_delivery_trail_cutting_view`.`buyerid` and `fabric_receive_view`.`jobnoid` = `fabric_delivery_trail_cutting_view`.`jobnoid` and `fabric_receive_view`.`styleid` = `fabric_delivery_trail_cutting_view`.`styleid` and `fabric_receive_view`.`orderid` = `fabric_delivery_trail_cutting_view`.`orderid` and `fabric_receive_view`.`colorid` = `fabric_delivery_trail_cutting_view`.`colorid` and `fabric_receive_view`.`fabricpartid` = `fabric_delivery_trail_cutting_view`.`fabricpartid`)) left join `fabric_cutting_return_view` on(`fabric_receive_view`.`buyerid` = `fabric_cutting_return_view`.`buyerid` and `fabric_receive_view`.`jobnoid` = `fabric_cutting_return_view`.`jobnoid` and `fabric_receive_view`.`styleid` = `fabric_cutting_return_view`.`styleid` and `fabric_receive_view`.`orderid` = `fabric_cutting_return_view`.`orderid` and `fabric_receive_view`.`colorid` = `fabric_cutting_return_view`.`colorid` and `fabric_receive_view`.`fabricpartid` = `fabric_cutting_return_view`.`fabricpartid`)) left join `fabric_textile_return_view` on(`fabric_receive_view`.`buyerid` = `fabric_textile_return_view`.`buyerid` and `fabric_receive_view`.`jobnoid` = `fabric_textile_return_view`.`jobnoid` and `fabric_receive_view`.`styleid` = `fabric_textile_return_view`.`styleid` and `fabric_receive_view`.`orderid` = `fabric_textile_return_view`.`orderid` and `fabric_receive_view`.`colorid` = `fabric_textile_return_view`.`colorid` and `fabric_receive_view`.`fabricpartid` = `fabric_textile_return_view`.`fabricpartid`)) left join `fabric_order_transfer_view` on(`fabric_receive_view`.`buyerid` = `fabric_order_transfer_view`.`buyerid` and `fabric_receive_view`.`jobnoid` = `fabric_order_transfer_view`.`jobnoid` and `fabric_receive_view`.`styleid` = `fabric_order_transfer_view`.`styleid` and `fabric_receive_view`.`orderid` = `fabric_order_transfer_view`.`orderid` and `fabric_receive_view`.`colorid` = `fabric_order_transfer_view`.`colorid` and `fabric_receive_view`.`fabricpartid` = `fabric_order_transfer_view`.`fabricpartid`)) left join `fabric_order_transfer_to_receive_view` on(`fabric_receive_view`.`buyerid` = `fabric_order_transfer_to_receive_view`.`buyerid` and `fabric_receive_view`.`jobnoid` = `fabric_order_transfer_to_receive_view`.`jobnoid` and `fabric_receive_view`.`styleid` = `fabric_order_transfer_to_receive_view`.`styleid` and `fabric_receive_view`.`orderid` = `fabric_order_transfer_to_receive_view`.`orderid` and `fabric_receive_view`.`colorid` = `fabric_order_transfer_to_receive_view`.`colorid` and `fabric_receive_view`.`fabricpartid` = `fabric_order_transfer_to_receive_view`.`fabricpartid`)) order by `fabric_receive_view`.`buyername` ;

-- --------------------------------------------------------

--
-- Structure for view `fabric_order_transfer_to_receive_view`
--
DROP TABLE IF EXISTS `fabric_order_transfer_to_receive_view`;

CREATE ALGORITHM=UNDEFINED DEFINER=`root`@`localhost` SQL SECURITY DEFINER VIEW `fabric_order_transfer_to_receive_view`  AS  select `buyer`.`buyerid` AS `buyerid`,`jobno`.`jobnoid` AS `jobnoid`,`style`.`styleid` AS `styleid`,`border`.`orderid` AS `orderid`,`color`.`colorid` AS `colorid`,`fabric_part`.`fabricpartid` AS `fabricpartid`,`buyer`.`buyername` AS `buyername`,`jobno`.`jobno` AS `jobno`,`style`.`stylename` AS `stylename`,`border`.`ordername` AS `ordername`,`color`.`colorcode` AS `colorcode`,`color`.`colorname` AS `colorname`,`fabric_part`.`fabricpart` AS `fabricpart`,sum(`fabric_order_transfer`.`otqty`) AS `toreceive` from ((((((((((`fabric_received` join `color` on(`color`.`colorid` = `fabric_received`.`colorid`)) left join `fabric_order_transfer` on(`fabric_order_transfer`.`fabricordertranferid` = `fabric_received`.`fabricreceivedid`)) join `border` on(`border`.`orderid` = `fabric_received`.`orderid`)) join `jobno` on(`jobno`.`jobnoid` = `fabric_received`.`jobnoid`)) join `style` on(`style`.`styleid` = `fabric_received`.`styleid`)) join `buyer` on(`buyer`.`buyerid` = `fabric_received`.`buyerid`)) join `fabric_part` on(`fabric_part`.`fabricpartid` = `fabric_received`.`fabricpartid`)) join `color_wise_fabric_part` on(`color_wise_fabric_part`.`colorid` = `color`.`colorid` and `fabric_part`.`fabricpartid` = `color_wise_fabric_part`.`fabricpartid`)) join `fabric_type` on(`fabric_type`.`fabrictypeid` = `color_wise_fabric_part`.`fabrictypeid`)) join `product_uom_insert` on(`product_uom_insert`.`puomid` = `color_wise_fabric_part`.`puomid`)) where `fabric_received`.`fabricreceivedstatus` = '1' group by `buyer`.`buyerid`,`jobno`.`jobnoid`,`style`.`styleid`,`border`.`orderid`,`color`.`colorid`,`fabric_part`.`fabricpartid` ;

-- --------------------------------------------------------

--
-- Structure for view `fabric_order_transfer_view`
--
DROP TABLE IF EXISTS `fabric_order_transfer_view`;

CREATE ALGORITHM=UNDEFINED DEFINER=`root`@`localhost` SQL SECURITY DEFINER VIEW `fabric_order_transfer_view`  AS  select `buyer`.`buyerid` AS `buyerid`,`jobno`.`jobnoid` AS `jobnoid`,`style`.`styleid` AS `styleid`,`border`.`orderid` AS `orderid`,`color`.`colorid` AS `colorid`,`fabric_part`.`fabricpartid` AS `fabricpartid`,`buyer`.`buyername` AS `buyername`,`jobno`.`jobno` AS `jobno`,`style`.`stylename` AS `stylename`,`border`.`ordername` AS `ordername`,`color`.`colorcode` AS `colorcode`,`color`.`colorname` AS `colorname`,`fabric_part`.`fabricpart` AS `fabricpart`,sum(`fabric_order_transfer`.`otqty`) AS `otqty` from ((((((((((`fabric_received` join `color` on(`color`.`colorid` = `fabric_received`.`colorid`)) left join `fabric_order_transfer` on(`fabric_order_transfer`.`fabricreceivedid` = `fabric_received`.`fabricreceivedid`)) join `border` on(`border`.`orderid` = `fabric_received`.`orderid`)) join `jobno` on(`jobno`.`jobnoid` = `fabric_received`.`jobnoid`)) join `style` on(`style`.`styleid` = `fabric_received`.`styleid`)) join `buyer` on(`buyer`.`buyerid` = `fabric_received`.`buyerid`)) join `fabric_part` on(`fabric_part`.`fabricpartid` = `fabric_received`.`fabricpartid`)) join `color_wise_fabric_part` on(`color_wise_fabric_part`.`colorid` = `color`.`colorid` and `fabric_part`.`fabricpartid` = `color_wise_fabric_part`.`fabricpartid`)) join `fabric_type` on(`fabric_type`.`fabrictypeid` = `color_wise_fabric_part`.`fabrictypeid`)) join `product_uom_insert` on(`product_uom_insert`.`puomid` = `color_wise_fabric_part`.`puomid`)) where `fabric_received`.`fabricreceivedstatus` = '1' group by `buyer`.`buyerid`,`jobno`.`jobnoid`,`style`.`styleid`,`border`.`orderid`,`color`.`colorid`,`fabric_part`.`fabricpartid` ;

-- --------------------------------------------------------

--
-- Structure for view `fabric_order_wise_delivery_cutting_report`
--
DROP TABLE IF EXISTS `fabric_order_wise_delivery_cutting_report`;

CREATE ALGORITHM=UNDEFINED DEFINER=`root`@`localhost` SQL SECURITY DEFINER VIEW `fabric_order_wise_delivery_cutting_report`  AS  select `jobno`.`jobno` AS `jobno`,`jobno`.`jobnoid` AS `jobnoid`,`buyer`.`buyername` AS `buyername`,`buyer`.`buyerid` AS `buyerid`,`style`.`stylename` AS `stylename`,`style`.`styleid` AS `styleid`,`border`.`ordername` AS `ordername`,`border`.`orderid` AS `orderid`,`color`.`colorname` AS `colorname`,`color`.`colorid` AS `colorid`,`fabric_part`.`fabricpart` AS `fabricpart`,`fabric_part`.`fabricpartid` AS `fabricpartid`,sum(`fabric_delivery`.`deliveryamount`) AS `cdeliveryamount` from ((((((((`fabric_received` join `color` on(`color`.`colorid` = `fabric_received`.`colorid`)) join `border` on(`border`.`orderid` = `fabric_received`.`orderid`)) join `jobno` on(`jobno`.`jobnoid` = `fabric_received`.`jobnoid`)) join `style` on(`style`.`styleid` = `fabric_received`.`styleid`)) join `buyer` on(`buyer`.`buyerid` = `fabric_received`.`buyerid`)) join `fabric_delivery` on(`fabric_delivery`.`fabricreceivedid` = `fabric_received`.`fabricreceivedid`)) join `fabric_part` on(`fabric_part`.`fabricpartid` = `fabric_received`.`fabricpartid`)) join `color_wise_fabric_part` on(`color_wise_fabric_part`.`colorid` = `color`.`colorid` and `fabric_part`.`fabricpartid` = `color_wise_fabric_part`.`fabricpartid`)) where `fabric_delivery`.`fabricdeliverytypeid` = '1' group by `jobno`.`jobnoid`,`buyer`.`buyerid`,`style`.`styleid`,`border`.`orderid`,`color`.`colorid`,`fabric_received`.`fabricpartid` ;

-- --------------------------------------------------------

--
-- Structure for view `fabric_order_wise_delivery_report`
--
DROP TABLE IF EXISTS `fabric_order_wise_delivery_report`;

CREATE ALGORITHM=UNDEFINED DEFINER=`root`@`localhost` SQL SECURITY DEFINER VIEW `fabric_order_wise_delivery_report`  AS  select `jobno`.`jobno` AS `jobno`,`jobno`.`jobnoid` AS `jobnoid`,`buyer`.`buyername` AS `buyername`,`buyer`.`buyerid` AS `buyerid`,`style`.`stylename` AS `stylename`,`style`.`styleid` AS `styleid`,`border`.`ordername` AS `ordername`,`border`.`orderid` AS `orderid`,`color`.`colorname` AS `colorname`,`color`.`colorid` AS `colorid`,`fabric_part`.`fabricpart` AS `fabricpart`,`fabric_part`.`fabricpartid` AS `fabricpartid`,sum(`fabric_delivery`.`deliveryamount`) AS `deliveryamount` from ((((((((`fabric_received` join `color` on(`color`.`colorid` = `fabric_received`.`colorid`)) join `border` on(`border`.`orderid` = `fabric_received`.`orderid`)) join `jobno` on(`jobno`.`jobnoid` = `fabric_received`.`jobnoid`)) join `style` on(`style`.`styleid` = `fabric_received`.`styleid`)) join `buyer` on(`buyer`.`buyerid` = `fabric_received`.`buyerid`)) join `fabric_delivery` on(`fabric_delivery`.`fabricreceivedid` = `fabric_received`.`fabricreceivedid`)) join `fabric_part` on(`fabric_part`.`fabricpartid` = `fabric_received`.`fabricpartid`)) join `color_wise_fabric_part` on(`color_wise_fabric_part`.`colorid` = `color`.`colorid` and `fabric_part`.`fabricpartid` = `color_wise_fabric_part`.`fabricpartid`)) group by `jobno`.`jobnoid`,`buyer`.`buyerid`,`style`.`styleid`,`border`.`orderid`,`color`.`colorid`,`fabric_received`.`fabricpartid` ;

-- --------------------------------------------------------

--
-- Structure for view `fabric_order_wise_delivery_sample_report`
--
DROP TABLE IF EXISTS `fabric_order_wise_delivery_sample_report`;

CREATE ALGORITHM=UNDEFINED DEFINER=`root`@`localhost` SQL SECURITY DEFINER VIEW `fabric_order_wise_delivery_sample_report`  AS  select `jobno`.`jobno` AS `jobno`,`jobno`.`jobnoid` AS `jobnoid`,`buyer`.`buyername` AS `buyername`,`buyer`.`buyerid` AS `buyerid`,`style`.`stylename` AS `stylename`,`style`.`styleid` AS `styleid`,`border`.`ordername` AS `ordername`,`border`.`orderid` AS `orderid`,`color`.`colorid` AS `colorid`,`color`.`colorname` AS `colorname`,`fabric_part`.`fabricpart` AS `fabricpart`,`fabric_part`.`fabricpartid` AS `fabricpartid`,sum(`fabric_delivery`.`deliveryamount`) AS `sdeliveryamount` from ((((((((`fabric_received` join `color` on(`color`.`colorid` = `fabric_received`.`colorid`)) join `border` on(`border`.`orderid` = `fabric_received`.`orderid`)) join `jobno` on(`jobno`.`jobnoid` = `fabric_received`.`jobnoid`)) join `style` on(`style`.`styleid` = `fabric_received`.`styleid`)) join `buyer` on(`buyer`.`buyerid` = `fabric_received`.`buyerid`)) join `fabric_delivery` on(`fabric_delivery`.`fabricreceivedid` = `fabric_received`.`fabricreceivedid`)) join `fabric_part` on(`fabric_part`.`fabricpartid` = `fabric_received`.`fabricpartid`)) join `color_wise_fabric_part` on(`color_wise_fabric_part`.`colorid` = `color`.`colorid` and `fabric_part`.`fabricpartid` = `color_wise_fabric_part`.`fabricpartid`)) where `fabric_delivery`.`fabricdeliverytypeid` = '4' group by `jobno`.`jobnoid`,`buyer`.`buyerid`,`style`.`styleid`,`border`.`orderid`,`color`.`colorid`,`fabric_received`.`fabricpartid` ;

-- --------------------------------------------------------

--
-- Structure for view `fabric_order_wise_delivery_trial_cutting_report`
--
DROP TABLE IF EXISTS `fabric_order_wise_delivery_trial_cutting_report`;

CREATE ALGORITHM=UNDEFINED DEFINER=`root`@`localhost` SQL SECURITY DEFINER VIEW `fabric_order_wise_delivery_trial_cutting_report`  AS  select `jobno`.`jobno` AS `jobno`,`jobno`.`jobnoid` AS `jobnoid`,`buyer`.`buyername` AS `buyername`,`buyer`.`buyerid` AS `buyerid`,`style`.`stylename` AS `stylename`,`style`.`styleid` AS `styleid`,`border`.`ordername` AS `ordername`,`border`.`orderid` AS `orderid`,`color`.`colorname` AS `colorname`,`color`.`colorid` AS `colorid`,`fabric_part`.`fabricpart` AS `fabricpart`,`fabric_part`.`fabricpartid` AS `fabricpartid`,sum(`fabric_delivery`.`deliveryamount`) AS `tcdeliveryamount` from ((((((((`fabric_received` join `color` on(`color`.`colorid` = `fabric_received`.`colorid`)) join `border` on(`border`.`orderid` = `fabric_received`.`orderid`)) join `jobno` on(`jobno`.`jobnoid` = `fabric_received`.`jobnoid`)) join `style` on(`style`.`styleid` = `fabric_received`.`styleid`)) join `buyer` on(`buyer`.`buyerid` = `fabric_received`.`buyerid`)) join `fabric_delivery` on(`fabric_delivery`.`fabricreceivedid` = `fabric_received`.`fabricreceivedid`)) join `fabric_part` on(`fabric_part`.`fabricpartid` = `fabric_received`.`fabricpartid`)) join `color_wise_fabric_part` on(`color_wise_fabric_part`.`colorid` = `color`.`colorid` and `fabric_part`.`fabricpartid` = `color_wise_fabric_part`.`fabricpartid`)) where `fabric_delivery`.`fabricdeliverytypeid` = '5' group by `jobno`.`jobnoid`,`buyer`.`buyerid`,`style`.`styleid`,`border`.`orderid`,`color`.`colorid`,`fabric_received`.`fabricpartid` ;

-- --------------------------------------------------------

--
-- Structure for view `fabric_order_wise_received_report`
--
DROP TABLE IF EXISTS `fabric_order_wise_received_report`;

CREATE ALGORITHM=UNDEFINED DEFINER=`root`@`localhost` SQL SECURITY DEFINER VIEW `fabric_order_wise_received_report`  AS  select `jobno`.`jobno` AS `jobno`,`jobno`.`jobnoid` AS `jobnoid`,`jobno`.`jobnostatus` AS `jobnostatus`,`fabric_received`.`fabricreceivedstatus` AS `fabricreceivedstatus`,`buyer`.`buyername` AS `buyername`,`buyer`.`buyerid` AS `buyerid`,`style`.`stylename` AS `stylename`,`style`.`styleid` AS `styleid`,`border`.`ordername` AS `ordername`,`border`.`orderid` AS `orderid`,`color`.`colorname` AS `colorname`,`color`.`colorid` AS `colorid`,`fabric_type`.`fabrictype` AS `fabrictype`,`color`.`cwoqty` AS `cwoqty`,`color`.`colorcode` AS `colorcode`,`color`.`ltod` AS `ltod`,`fabric_part`.`fabricpart` AS `fabricpart`,`fabric_part`.`fabricpartid` AS `fabricpartid`,`color_wise_fabric_part`.`bqty` AS `bqty`,`color_wise_fabric_part`.`abqty` AS `abqty`,sum(`fabric_received`.`frqty`) AS `frqty`,sum(`fabric_received`.`tfqty`) AS `tfqty`,`total_fabric_return`.`returnamount` AS `returnamount`,sum(`total_fabric_order_transfer`.`otqty`) AS `otqty` from (((((((((((`fabric_received` join `color` on(`color`.`colorid` = `fabric_received`.`colorid`)) join `border` on(`border`.`orderid` = `fabric_received`.`orderid`)) join `jobno` on(`jobno`.`jobnoid` = `fabric_received`.`jobnoid`)) join `style` on(`style`.`styleid` = `fabric_received`.`styleid`)) join `buyer` on(`buyer`.`buyerid` = `fabric_received`.`buyerid`)) left join `total_fabric_return` on(`total_fabric_return`.`fabricreceivedid` = `fabric_received`.`fabricreceivedid`)) join `fabric_part` on(`fabric_part`.`fabricpartid` = `fabric_received`.`fabricpartid`)) join `color_wise_fabric_part` on(`color_wise_fabric_part`.`colorid` = `color`.`colorid` and `fabric_part`.`fabricpartid` = `color_wise_fabric_part`.`fabricpartid`)) join `product_uom_insert` on(`product_uom_insert`.`puomid` = `color_wise_fabric_part`.`puomid`)) join `fabric_type` on(`fabric_type`.`fabrictypeid` = `color_wise_fabric_part`.`fabrictypeid`)) left join `total_fabric_order_transfer` on(`total_fabric_order_transfer`.`fabricreceivedid` = `fabric_received`.`fabricreceivedid`)) group by `jobno`.`jobnoid`,`buyer`.`buyerid`,`style`.`styleid`,`border`.`orderid`,`color`.`colorid`,`fabric_received`.`fabricpartid` ;

-- --------------------------------------------------------

--
-- Structure for view `fabric_order_wise_received_report1`
--
DROP TABLE IF EXISTS `fabric_order_wise_received_report1`;

CREATE ALGORITHM=UNDEFINED DEFINER=`root`@`localhost` SQL SECURITY DEFINER VIEW `fabric_order_wise_received_report1`  AS  select to_days(`color`.`ltod`) - to_days(curdate()) AS `remainingday`,`jobno`.`jobno` AS `jobno`,`jobno`.`jobnoid` AS `jobnoid`,`jobno`.`jobnostatus` AS `jobnostatus`,`fabric_received`.`fabricreceivedstatus` AS `fabricreceivedstatus`,`buyer`.`buyername` AS `buyername`,`buyer`.`buyerid` AS `buyerid`,`style`.`stylename` AS `stylename`,`style`.`styleid` AS `styleid`,`border`.`ordername` AS `ordername`,`border`.`orderid` AS `orderid`,`color`.`colorname` AS `colorname`,`color`.`colorid` AS `colorid`,`fabric_type`.`fabrictype` AS `fabrictype`,`color`.`cwoqty` AS `cwoqty`,`color`.`colorcode` AS `colorcode`,`color`.`ltod` AS `ltod`,`fabric_part`.`fabricpart` AS `fabricpart`,`fabric_part`.`fabricpartid` AS `fabricpartid`,`color_wise_fabric_part`.`bqty` AS `bqty`,`color_wise_fabric_part`.`abqty` AS `abqty`,sum(`fabric_received`.`frqty`) AS `frqty`,sum(`fabric_received`.`tfqty`) AS `tfqty`,`total_fabric_return`.`returnamount` AS `returnamount`,sum(`fabric_delivery`.`deliveryamount`) AS `deliveryamount`,sum(`fabric_delivery_cutting`.`deliveryamount`) AS `cdeliveryamount`,sum(`fabric_delivery_sample`.`deliveryamount`) AS `sdeliveryamount`,sum(`fabric_delivery_trial`.`deliveryamount`) AS `tcdeliveryamount`,`total_fabric_return_to_textile`.`texreturnamount` AS `texreturnamount`,sum(`total_fabric_order_transfer`.`otqty`) AS `otqty` from ((((((((((((((((`fabric_received` join `color` on(`color`.`colorid` = `fabric_received`.`colorid`)) join `border` on(`border`.`orderid` = `fabric_received`.`orderid`)) join `jobno` on(`jobno`.`jobnoid` = `fabric_received`.`jobnoid`)) join `style` on(`style`.`styleid` = `fabric_received`.`styleid`)) join `buyer` on(`buyer`.`buyerid` = `fabric_received`.`buyerid`)) join `fabric_part` on(`fabric_part`.`fabricpartid` = `fabric_received`.`fabricpartid`)) join `color_wise_fabric_part` on(`color_wise_fabric_part`.`colorid` = `color`.`colorid` and `fabric_part`.`fabricpartid` = `color_wise_fabric_part`.`fabricpartid`)) join `product_uom_insert` on(`product_uom_insert`.`puomid` = `color_wise_fabric_part`.`puomid`)) join `fabric_type` on(`fabric_type`.`fabrictypeid` = `color_wise_fabric_part`.`fabrictypeid`)) left join `total_fabric_order_transfer` on(`total_fabric_order_transfer`.`fabricreceivedid` = `fabric_received`.`fabricreceivedid`)) left join `fabric_delivery` on(`fabric_delivery`.`fabricreceivedid` = `fabric_received`.`fabricreceivedid`)) left join `fabric_delivery_cutting` on(`fabric_delivery_cutting`.`fabricreceivedid` = `fabric_received`.`fabricreceivedid`)) left join `fabric_delivery_sample` on(`fabric_delivery_sample`.`fabricreceivedid` = `fabric_received`.`fabricreceivedid`)) left join `fabric_delivery_trial` on(`fabric_delivery_trial`.`fabricreceivedid` = `fabric_received`.`fabricreceivedid`)) left join `total_fabric_return` on(`total_fabric_return`.`fabricreceivedid` = `fabric_received`.`fabricreceivedid`)) left join `total_fabric_return_to_textile` on(`total_fabric_return_to_textile`.`fabricreceivedid` = `fabric_received`.`fabricreceivedid`)) group by `jobno`.`jobnoid`,`buyer`.`buyerid`,`style`.`styleid`,`border`.`orderid`,`color`.`colorid`,`fabric_received`.`fabricpartid`,`fabric_received`.`fabricreceivedid` ;

-- --------------------------------------------------------

--
-- Structure for view `fabric_rack_transfer_dis_id`
--
DROP TABLE IF EXISTS `fabric_rack_transfer_dis_id`;

CREATE ALGORITHM=UNDEFINED DEFINER=`root`@`localhost` SQL SECURITY DEFINER VIEW `fabric_rack_transfer_dis_id`  AS  select distinct `fabric_rack_transfer`.`fabricreceivedid` AS `rtfabricreceivedid` from `fabric_rack_transfer` ;

-- --------------------------------------------------------

--
-- Structure for view `fabric_receive_view`
--
DROP TABLE IF EXISTS `fabric_receive_view`;

CREATE ALGORITHM=UNDEFINED DEFINER=`root`@`localhost` SQL SECURITY DEFINER VIEW `fabric_receive_view`  AS  select `buyer`.`buyerid` AS `buyerid`,`jobno`.`jobnoid` AS `jobnoid`,`style`.`styleid` AS `styleid`,`border`.`orderid` AS `orderid`,`color`.`colorid` AS `colorid`,`fabric_part`.`fabricpartid` AS `fabricpartid`,`buyer`.`buyername` AS `buyername`,`jobno`.`jobno` AS `jobno`,`style`.`stylename` AS `stylename`,`border`.`ordername` AS `ordername`,`color`.`colorcode` AS `colorcode`,`color`.`colorname` AS `colorname`,`fabric_part`.`fabricpart` AS `fabricpart`,sum(`fabric_received`.`frqty`) AS `frqty`,sum(`fabric_received`.`tfqty`) AS `tfqty`,`color_wise_fabric_part`.`bqty` AS `bqty`,`color_wise_fabric_part`.`abqty` AS `abqty`,`fabric_type`.`fabrictype` AS `fabrictype`,`color`.`ltod` AS `ltod` from (((((((((`fabric_received` join `color` on(`color`.`colorid` = `fabric_received`.`colorid`)) join `border` on(`border`.`orderid` = `fabric_received`.`orderid`)) join `jobno` on(`jobno`.`jobnoid` = `fabric_received`.`jobnoid`)) join `style` on(`style`.`styleid` = `fabric_received`.`styleid`)) join `buyer` on(`buyer`.`buyerid` = `fabric_received`.`buyerid`)) join `fabric_part` on(`fabric_part`.`fabricpartid` = `fabric_received`.`fabricpartid`)) join `color_wise_fabric_part` on(`color_wise_fabric_part`.`colorid` = `color`.`colorid` and `fabric_part`.`fabricpartid` = `color_wise_fabric_part`.`fabricpartid`)) join `fabric_type` on(`fabric_type`.`fabrictypeid` = `color_wise_fabric_part`.`fabrictypeid`)) join `product_uom_insert` on(`product_uom_insert`.`puomid` = `color_wise_fabric_part`.`puomid`)) where `fabric_received`.`fabricreceivedstatus` = '1' group by `buyer`.`buyerid`,`jobno`.`jobnoid`,`style`.`styleid`,`border`.`orderid`,`color`.`colorid`,`fabric_part`.`fabricpartid` ;

-- --------------------------------------------------------

--
-- Structure for view `fabric_textile_return_view`
--
DROP TABLE IF EXISTS `fabric_textile_return_view`;

CREATE ALGORITHM=UNDEFINED DEFINER=`root`@`localhost` SQL SECURITY DEFINER VIEW `fabric_textile_return_view`  AS  select `buyer`.`buyerid` AS `buyerid`,`jobno`.`jobnoid` AS `jobnoid`,`style`.`styleid` AS `styleid`,`border`.`orderid` AS `orderid`,`color`.`colorid` AS `colorid`,`fabric_part`.`fabricpartid` AS `fabricpartid`,`buyer`.`buyername` AS `buyername`,`jobno`.`jobno` AS `jobno`,`style`.`stylename` AS `stylename`,`border`.`ordername` AS `ordername`,`color`.`colorcode` AS `colorcode`,`color`.`colorname` AS `colorname`,`fabric_part`.`fabricpart` AS `fabricpart`,sum(`fabric_return_to_textile`.`texreturnamount`) AS `texreturnamount` from ((((((((((`fabric_received` join `color` on(`color`.`colorid` = `fabric_received`.`colorid`)) left join `fabric_return_to_textile` on(`fabric_return_to_textile`.`fabricreceivedid` = `fabric_received`.`fabricreceivedid`)) join `border` on(`border`.`orderid` = `fabric_received`.`orderid`)) join `jobno` on(`jobno`.`jobnoid` = `fabric_received`.`jobnoid`)) join `style` on(`style`.`styleid` = `fabric_received`.`styleid`)) join `buyer` on(`buyer`.`buyerid` = `fabric_received`.`buyerid`)) join `fabric_part` on(`fabric_part`.`fabricpartid` = `fabric_received`.`fabricpartid`)) join `color_wise_fabric_part` on(`color_wise_fabric_part`.`colorid` = `color`.`colorid` and `fabric_part`.`fabricpartid` = `color_wise_fabric_part`.`fabricpartid`)) join `fabric_type` on(`fabric_type`.`fabrictypeid` = `color_wise_fabric_part`.`fabrictypeid`)) join `product_uom_insert` on(`product_uom_insert`.`puomid` = `color_wise_fabric_part`.`puomid`)) where `fabric_received`.`fabricreceivedstatus` = '1' group by `buyer`.`buyerid`,`jobno`.`jobnoid`,`style`.`styleid`,`border`.`orderid`,`color`.`colorid`,`fabric_part`.`fabricpartid` ;

-- --------------------------------------------------------

--
-- Structure for view `fab_delivery_dis_id`
--
DROP TABLE IF EXISTS `fab_delivery_dis_id`;

CREATE ALGORITHM=UNDEFINED DEFINER=`root`@`localhost` SQL SECURITY DEFINER VIEW `fab_delivery_dis_id`  AS  select distinct `fabric_delivery`.`fabricreceivedid` AS `dfabricreceivedid` from `fabric_delivery` ;

-- --------------------------------------------------------

--
-- Structure for view `lot_wise_delivery_view`
--
DROP TABLE IF EXISTS `lot_wise_delivery_view`;

CREATE ALGORITHM=UNDEFINED DEFINER=`root`@`localhost` SQL SECURITY DEFINER VIEW `lot_wise_delivery_view`  AS  select `buyer`.`buyerid` AS `buyerid`,`jobno`.`jobnoid` AS `jobnoid`,`style`.`styleid` AS `styleid`,`border`.`orderid` AS `orderid`,`color`.`colorid` AS `colorid`,`fabric_part`.`fabricpartid` AS `fabricpartid`,sum(`fabric_delivery`.`deliveryamount`) AS `deliveryamount`,sum(`fabric_delivery`.`odeliveryamount`) AS `odeliveryamount`,`fabric_received`.`lotno` AS `fdlotno` from ((((((((((`fabric_delivery` join `fabric_received` on(`fabric_received`.`fabricreceivedid` = `fabric_delivery`.`fabricreceivedid`)) join `color` on(`color`.`colorid` = `fabric_received`.`colorid`)) join `border` on(`border`.`orderid` = `fabric_received`.`orderid`)) join `jobno` on(`jobno`.`jobnoid` = `fabric_received`.`jobnoid`)) join `style` on(`style`.`styleid` = `fabric_received`.`styleid`)) join `buyer` on(`buyer`.`buyerid` = `fabric_received`.`buyerid`)) join `fabric_part` on(`fabric_part`.`fabricpartid` = `fabric_received`.`fabricpartid`)) join `color_wise_fabric_part` on(`color_wise_fabric_part`.`colorid` = `color`.`colorid` and `fabric_part`.`fabricpartid` = `color_wise_fabric_part`.`fabricpartid`)) join `fabric_type` on(`fabric_type`.`fabrictypeid` = `color_wise_fabric_part`.`fabrictypeid`)) join `product_uom_insert` on(`product_uom_insert`.`puomid` = `color_wise_fabric_part`.`puomid`)) where `fabric_received`.`fabricreceivedstatus` = '1' group by `buyer`.`buyerid`,`jobno`.`jobnoid`,`style`.`styleid`,`border`.`orderid`,`color`.`colorid`,`fabric_part`.`fabricpartid`,`fabric_received`.`lotno` ;

-- --------------------------------------------------------

--
-- Structure for view `lot_wise_details_report_view`
--
DROP TABLE IF EXISTS `lot_wise_details_report_view`;

CREATE ALGORITHM=UNDEFINED DEFINER=`root`@`localhost` SQL SECURITY DEFINER VIEW `lot_wise_details_report_view`  AS  select `lot_wise_receive_view`.`buyername` AS `buyername`,`lot_wise_receive_view`.`jobno` AS `jobno`,`lot_wise_receive_view`.`stylename` AS `stylename`,`lot_wise_receive_view`.`ordername` AS `ordername`,`lot_wise_receive_view`.`colorcode` AS `colorcode`,`lot_wise_receive_view`.`colorname` AS `colorname`,`lot_wise_receive_view`.`fabrictype` AS `fabrictype`,`lot_wise_receive_view`.`fabricpart` AS `fabricpart`,`lot_wise_receive_view`.`lotno` AS `lotno`,`lot_wise_receive_view`.`frqty` AS `frqty`,`lot_wise_receive_view`.`tfqty` AS `tfqty`,`lot_wise_delivery_view`.`deliveryamount` AS `deliveryamount`,`lot_wise_delivery_view`.`odeliveryamount` AS `odeliveryamount`,`lot_wise_return_cutting_to_store_view`.`returnamount` AS `returnamount`,`lot_wise_return_store_to_textile_view`.`texreturnamount` AS `texreturnamount`,`lot_wise_order_transfer_view`.`otqty` AS `otqty`,`lot_wise_order_transfer_to_receive_view`.`toreceive` AS `toreceive` from (((((`lot_wise_receive_view` left join `lot_wise_delivery_view` on(`lot_wise_receive_view`.`buyerid` = `lot_wise_delivery_view`.`buyerid` and `lot_wise_receive_view`.`jobnoid` = `lot_wise_delivery_view`.`jobnoid` and `lot_wise_receive_view`.`styleid` = `lot_wise_delivery_view`.`styleid` and `lot_wise_receive_view`.`orderid` = `lot_wise_delivery_view`.`orderid` and `lot_wise_receive_view`.`colorid` = `lot_wise_delivery_view`.`colorid` and `lot_wise_receive_view`.`fabricpartid` = `lot_wise_delivery_view`.`fabricpartid` and `lot_wise_receive_view`.`lotno` = `lot_wise_delivery_view`.`fdlotno`)) left join `lot_wise_return_cutting_to_store_view` on(`lot_wise_receive_view`.`buyerid` = `lot_wise_return_cutting_to_store_view`.`buyerid` and `lot_wise_receive_view`.`jobnoid` = `lot_wise_return_cutting_to_store_view`.`jobnoid` and `lot_wise_receive_view`.`styleid` = `lot_wise_return_cutting_to_store_view`.`styleid` and `lot_wise_receive_view`.`orderid` = `lot_wise_return_cutting_to_store_view`.`orderid` and `lot_wise_receive_view`.`colorid` = `lot_wise_return_cutting_to_store_view`.`colorid` and `lot_wise_receive_view`.`fabricpartid` = `lot_wise_return_cutting_to_store_view`.`fabricpartid` and `lot_wise_receive_view`.`lotno` = `lot_wise_return_cutting_to_store_view`.`cuttingtostorerelotno`)) left join `lot_wise_return_store_to_textile_view` on(`lot_wise_receive_view`.`buyerid` = `lot_wise_return_store_to_textile_view`.`buyerid` and `lot_wise_receive_view`.`jobnoid` = `lot_wise_return_store_to_textile_view`.`jobnoid` and `lot_wise_receive_view`.`styleid` = `lot_wise_return_store_to_textile_view`.`styleid` and `lot_wise_receive_view`.`orderid` = `lot_wise_return_store_to_textile_view`.`orderid` and `lot_wise_receive_view`.`colorid` = `lot_wise_return_store_to_textile_view`.`colorid` and `lot_wise_receive_view`.`fabricpartid` = `lot_wise_return_store_to_textile_view`.`fabricpartid` and `lot_wise_receive_view`.`lotno` = `lot_wise_return_store_to_textile_view`.`storetotextilerelotno`)) left join `lot_wise_order_transfer_view` on(`lot_wise_receive_view`.`buyerid` = `lot_wise_order_transfer_view`.`buyerid` and `lot_wise_receive_view`.`jobnoid` = `lot_wise_order_transfer_view`.`jobnoid` and `lot_wise_receive_view`.`styleid` = `lot_wise_order_transfer_view`.`styleid` and `lot_wise_receive_view`.`orderid` = `lot_wise_order_transfer_view`.`orderid` and `lot_wise_receive_view`.`colorid` = `lot_wise_order_transfer_view`.`colorid` and `lot_wise_receive_view`.`fabricpartid` = `lot_wise_order_transfer_view`.`fabricpartid` and `lot_wise_receive_view`.`lotno` = `lot_wise_order_transfer_view`.`otqtylotno`)) left join `lot_wise_order_transfer_to_receive_view` on(`lot_wise_receive_view`.`buyerid` = `lot_wise_order_transfer_to_receive_view`.`buyerid` and `lot_wise_receive_view`.`jobnoid` = `lot_wise_order_transfer_to_receive_view`.`jobnoid` and `lot_wise_receive_view`.`styleid` = `lot_wise_order_transfer_to_receive_view`.`styleid` and `lot_wise_receive_view`.`orderid` = `lot_wise_order_transfer_to_receive_view`.`orderid` and `lot_wise_receive_view`.`colorid` = `lot_wise_order_transfer_to_receive_view`.`colorid` and `lot_wise_receive_view`.`fabricpartid` = `lot_wise_order_transfer_to_receive_view`.`fabricpartid` and `lot_wise_receive_view`.`lotno` = `lot_wise_order_transfer_to_receive_view`.`toreceivelotno`)) ;

-- --------------------------------------------------------

--
-- Structure for view `lot_wise_order_transfer_to_receive_view`
--
DROP TABLE IF EXISTS `lot_wise_order_transfer_to_receive_view`;

CREATE ALGORITHM=UNDEFINED DEFINER=`root`@`localhost` SQL SECURITY DEFINER VIEW `lot_wise_order_transfer_to_receive_view`  AS  select `buyer`.`buyerid` AS `buyerid`,`jobno`.`jobnoid` AS `jobnoid`,`style`.`styleid` AS `styleid`,`border`.`orderid` AS `orderid`,`color`.`colorid` AS `colorid`,`fabric_part`.`fabricpartid` AS `fabricpartid`,sum(`fabric_order_transfer`.`otqty`) AS `toreceive`,`fabric_received`.`lotno` AS `toreceivelotno` from ((((((((((`fabric_order_transfer` join `fabric_received` on(`fabric_received`.`fabricreceivedid` = `fabric_order_transfer`.`fabricordertranferid`)) join `color` on(`color`.`colorid` = `fabric_received`.`colorid`)) join `border` on(`border`.`orderid` = `fabric_received`.`orderid`)) join `jobno` on(`jobno`.`jobnoid` = `fabric_received`.`jobnoid`)) join `style` on(`style`.`styleid` = `fabric_received`.`styleid`)) join `buyer` on(`buyer`.`buyerid` = `fabric_received`.`buyerid`)) join `fabric_part` on(`fabric_part`.`fabricpartid` = `fabric_received`.`fabricpartid`)) join `color_wise_fabric_part` on(`color_wise_fabric_part`.`colorid` = `color`.`colorid` and `fabric_part`.`fabricpartid` = `color_wise_fabric_part`.`fabricpartid`)) join `fabric_type` on(`fabric_type`.`fabrictypeid` = `color_wise_fabric_part`.`fabrictypeid`)) join `product_uom_insert` on(`product_uom_insert`.`puomid` = `color_wise_fabric_part`.`puomid`)) where `fabric_received`.`fabricreceivedstatus` = '1' group by `buyer`.`buyerid`,`jobno`.`jobnoid`,`style`.`styleid`,`border`.`orderid`,`color`.`colorid`,`fabric_part`.`fabricpartid`,`fabric_received`.`lotno` ;

-- --------------------------------------------------------

--
-- Structure for view `lot_wise_order_transfer_view`
--
DROP TABLE IF EXISTS `lot_wise_order_transfer_view`;

CREATE ALGORITHM=UNDEFINED DEFINER=`root`@`localhost` SQL SECURITY DEFINER VIEW `lot_wise_order_transfer_view`  AS  select `buyer`.`buyerid` AS `buyerid`,`jobno`.`jobnoid` AS `jobnoid`,`style`.`styleid` AS `styleid`,`border`.`orderid` AS `orderid`,`color`.`colorid` AS `colorid`,`fabric_part`.`fabricpartid` AS `fabricpartid`,sum(`fabric_order_transfer`.`otqty`) AS `otqty`,`fabric_received`.`lotno` AS `otqtylotno` from ((((((((((`fabric_order_transfer` join `fabric_received` on(`fabric_received`.`fabricreceivedid` = `fabric_order_transfer`.`fabricreceivedid`)) join `color` on(`color`.`colorid` = `fabric_received`.`colorid`)) join `border` on(`border`.`orderid` = `fabric_received`.`orderid`)) join `jobno` on(`jobno`.`jobnoid` = `fabric_received`.`jobnoid`)) join `style` on(`style`.`styleid` = `fabric_received`.`styleid`)) join `buyer` on(`buyer`.`buyerid` = `fabric_received`.`buyerid`)) join `fabric_part` on(`fabric_part`.`fabricpartid` = `fabric_received`.`fabricpartid`)) join `color_wise_fabric_part` on(`color_wise_fabric_part`.`colorid` = `color`.`colorid` and `fabric_part`.`fabricpartid` = `color_wise_fabric_part`.`fabricpartid`)) join `fabric_type` on(`fabric_type`.`fabrictypeid` = `color_wise_fabric_part`.`fabrictypeid`)) join `product_uom_insert` on(`product_uom_insert`.`puomid` = `color_wise_fabric_part`.`puomid`)) where `fabric_received`.`fabricreceivedstatus` = '1' group by `buyer`.`buyerid`,`jobno`.`jobnoid`,`style`.`styleid`,`border`.`orderid`,`color`.`colorid`,`fabric_part`.`fabricpartid`,`fabric_received`.`lotno` ;

-- --------------------------------------------------------

--
-- Structure for view `lot_wise_receive_view`
--
DROP TABLE IF EXISTS `lot_wise_receive_view`;

CREATE ALGORITHM=UNDEFINED DEFINER=`root`@`localhost` SQL SECURITY DEFINER VIEW `lot_wise_receive_view`  AS  select `buyer`.`buyerid` AS `buyerid`,`buyer`.`buyername` AS `buyername`,`jobno`.`jobnoid` AS `jobnoid`,`jobno`.`jobno` AS `jobno`,`style`.`styleid` AS `styleid`,`style`.`stylename` AS `stylename`,`border`.`orderid` AS `orderid`,`border`.`ordername` AS `ordername`,`color`.`colorid` AS `colorid`,`color`.`colorcode` AS `colorcode`,`color`.`colorname` AS `colorname`,`fabric_received`.`lotno` AS `lotno`,`fabric_type`.`fabrictype` AS `fabrictype`,`fabric_part`.`fabricpartid` AS `fabricpartid`,`fabric_part`.`fabricpart` AS `fabricpart`,sum(`fabric_received`.`frqty`) AS `frqty`,sum(`fabric_received`.`tfqty`) AS `tfqty` from ((((((((((`fabric_received` join `color` on(`color`.`colorid` = `fabric_received`.`colorid`)) join `border` on(`border`.`orderid` = `fabric_received`.`orderid`)) join `jobno` on(`jobno`.`jobnoid` = `fabric_received`.`jobnoid`)) join `style` on(`style`.`styleid` = `fabric_received`.`styleid`)) join `buyer` on(`buyer`.`buyerid` = `fabric_received`.`buyerid`)) join `fabric_part` on(`fabric_part`.`fabricpartid` = `fabric_received`.`fabricpartid`)) join `color_wise_fabric_part` on(`color_wise_fabric_part`.`colorid` = `color`.`colorid` and `fabric_part`.`fabricpartid` = `color_wise_fabric_part`.`fabricpartid`)) join `fabric_type` on(`fabric_type`.`fabrictypeid` = `color_wise_fabric_part`.`fabrictypeid`)) join `product_uom_insert` on(`product_uom_insert`.`puomid` = `color_wise_fabric_part`.`puomid`)) left join `supplier_view` on(`supplier_view`.`supplierid` = `fabric_received`.`supplierid`)) where `fabric_received`.`fabricreceivedstatus` = '1' group by `buyer`.`buyerid`,`jobno`.`jobnoid`,`style`.`styleid`,`border`.`orderid`,`color`.`colorid`,`fabric_part`.`fabricpartid`,`fabric_received`.`lotno` ;

-- --------------------------------------------------------

--
-- Structure for view `lot_wise_return_cutting_to_store_view`
--
DROP TABLE IF EXISTS `lot_wise_return_cutting_to_store_view`;

CREATE ALGORITHM=UNDEFINED DEFINER=`root`@`localhost` SQL SECURITY DEFINER VIEW `lot_wise_return_cutting_to_store_view`  AS  select `buyer`.`buyerid` AS `buyerid`,`jobno`.`jobnoid` AS `jobnoid`,`style`.`styleid` AS `styleid`,`border`.`orderid` AS `orderid`,`color`.`colorid` AS `colorid`,`fabric_part`.`fabricpartid` AS `fabricpartid`,sum(`fabric_return`.`returnamount`) AS `returnamount`,`fabric_received`.`lotno` AS `cuttingtostorerelotno` from ((((((((((`fabric_return` join `fabric_received` on(`fabric_received`.`fabricreceivedid` = `fabric_return`.`fabricreceivedid`)) join `color` on(`color`.`colorid` = `fabric_received`.`colorid`)) join `border` on(`border`.`orderid` = `fabric_received`.`orderid`)) join `jobno` on(`jobno`.`jobnoid` = `fabric_received`.`jobnoid`)) join `style` on(`style`.`styleid` = `fabric_received`.`styleid`)) join `buyer` on(`buyer`.`buyerid` = `fabric_received`.`buyerid`)) join `fabric_part` on(`fabric_part`.`fabricpartid` = `fabric_received`.`fabricpartid`)) join `color_wise_fabric_part` on(`color_wise_fabric_part`.`colorid` = `color`.`colorid` and `fabric_part`.`fabricpartid` = `color_wise_fabric_part`.`fabricpartid`)) join `fabric_type` on(`fabric_type`.`fabrictypeid` = `color_wise_fabric_part`.`fabrictypeid`)) join `product_uom_insert` on(`product_uom_insert`.`puomid` = `color_wise_fabric_part`.`puomid`)) where `fabric_received`.`fabricreceivedstatus` = '1' group by `buyer`.`buyerid`,`jobno`.`jobnoid`,`style`.`styleid`,`border`.`orderid`,`color`.`colorid`,`fabric_part`.`fabricpartid`,`fabric_received`.`lotno` ;

-- --------------------------------------------------------

--
-- Structure for view `lot_wise_return_store_to_textile_view`
--
DROP TABLE IF EXISTS `lot_wise_return_store_to_textile_view`;

CREATE ALGORITHM=UNDEFINED DEFINER=`root`@`localhost` SQL SECURITY DEFINER VIEW `lot_wise_return_store_to_textile_view`  AS  select `buyer`.`buyerid` AS `buyerid`,`jobno`.`jobnoid` AS `jobnoid`,`style`.`styleid` AS `styleid`,`border`.`orderid` AS `orderid`,`color`.`colorid` AS `colorid`,`fabric_part`.`fabricpartid` AS `fabricpartid`,sum(`fabric_return_to_textile`.`texreturnamount`) AS `texreturnamount`,`fabric_received`.`lotno` AS `storetotextilerelotno` from ((((((((((`fabric_return_to_textile` join `fabric_received` on(`fabric_received`.`fabricreceivedid` = `fabric_return_to_textile`.`fabricreceivedid`)) join `color` on(`color`.`colorid` = `fabric_received`.`colorid`)) join `border` on(`border`.`orderid` = `fabric_received`.`orderid`)) join `jobno` on(`jobno`.`jobnoid` = `fabric_received`.`jobnoid`)) join `style` on(`style`.`styleid` = `fabric_received`.`styleid`)) join `buyer` on(`buyer`.`buyerid` = `fabric_received`.`buyerid`)) join `fabric_part` on(`fabric_part`.`fabricpartid` = `fabric_received`.`fabricpartid`)) join `color_wise_fabric_part` on(`color_wise_fabric_part`.`colorid` = `color`.`colorid` and `fabric_part`.`fabricpartid` = `color_wise_fabric_part`.`fabricpartid`)) join `fabric_type` on(`fabric_type`.`fabrictypeid` = `color_wise_fabric_part`.`fabrictypeid`)) join `product_uom_insert` on(`product_uom_insert`.`puomid` = `color_wise_fabric_part`.`puomid`)) where `fabric_received`.`fabricreceivedstatus` = '1' group by `buyer`.`buyerid`,`jobno`.`jobnoid`,`style`.`styleid`,`border`.`orderid`,`color`.`colorid`,`fabric_part`.`fabricpartid`,`fabric_received`.`lotno` ;

-- --------------------------------------------------------

--
-- Structure for view `supplier_view`
--
DROP TABLE IF EXISTS `supplier_view`;

CREATE ALGORITHM=UNDEFINED DEFINER=`root`@`localhost` SQL SECURITY DEFINER VIEW `supplier_view`  AS  select `supplier_type`.`stiid` AS `stiid`,`supplier_type`.`suppliertype` AS `suppliertype`,`supplier`.`supplierid` AS `supplierid`,`supplier`.`supplier` AS `supplier` from (`supplier` join `supplier_type` on(`supplier_type`.`stiid` = `supplier`.`stiid`)) ;

-- --------------------------------------------------------

--
-- Structure for view `total_fabric_order_transfer`
--
DROP TABLE IF EXISTS `total_fabric_order_transfer`;

CREATE ALGORITHM=UNDEFINED DEFINER=`root`@`localhost` SQL SECURITY DEFINER VIEW `total_fabric_order_transfer`  AS  select `fabric_order_transfer`.`fabricreceivedid` AS `fabricreceivedid`,sum(`fabric_order_transfer`.`otqty`) AS `otqty` from `fabric_order_transfer` group by `fabric_order_transfer`.`fabricreceivedid` ;

-- --------------------------------------------------------

--
-- Structure for view `total_fabric_rack_transfer`
--
DROP TABLE IF EXISTS `total_fabric_rack_transfer`;

CREATE ALGORITHM=UNDEFINED DEFINER=`root`@`localhost` SQL SECURITY DEFINER VIEW `total_fabric_rack_transfer`  AS  select `fabric_rack_transfer`.`fabricracktransferid` AS `fabricracktransferid`,`fabric_rack_transfer`.`fabricreceivedid` AS `fabricreceivedid`,sum(`fabric_rack_transfer`.`amount`) AS `trtamount`,`fabric_rack_transfer`.`fabricracktransferstatus` AS `fabricracktransferstatus` from `fabric_rack_transfer` group by `fabric_rack_transfer`.`fabricreceivedid` ;

-- --------------------------------------------------------

--
-- Structure for view `total_fabric_return`
--
DROP TABLE IF EXISTS `total_fabric_return`;

CREATE ALGORITHM=UNDEFINED DEFINER=`root`@`localhost` SQL SECURITY DEFINER VIEW `total_fabric_return`  AS  select `fabric_return`.`fabricreceivedid` AS `fabricreceivedid`,`fabric_return`.`fabricdeliveryid` AS `fabricdeliveryid`,sum(`fabric_return`.`returnamount`) AS `returnamount` from `fabric_return` group by `fabric_return`.`fabricreceivedid`,`fabric_return`.`fabricdeliveryid` ;

-- --------------------------------------------------------

--
-- Structure for view `total_fabric_return1`
--
DROP TABLE IF EXISTS `total_fabric_return1`;

CREATE ALGORITHM=UNDEFINED DEFINER=`root`@`localhost` SQL SECURITY DEFINER VIEW `total_fabric_return1`  AS  select `buyer`.`buyername` AS `buyername`,`buyer`.`buyerid` AS `buyerid`,`jobno`.`jobno` AS `jobno`,`jobno`.`jobnoid` AS `jobnoid`,`style`.`stylename` AS `stylename`,`style`.`styleid` AS `styleid`,`border`.`ordername` AS `ordername`,`border`.`orderid` AS `orderid`,`color`.`colorcode` AS `colorcode`,`color`.`colorname` AS `colorname`,`color`.`colorid` AS `colorid`,`fabric_part`.`fabricpart` AS `fabricpart`,`fabric_part`.`fabricpartid` AS `fabricpartid`,`total_fabric_return`.`returnamount` AS `returnamount` from ((((((((`fabric_received` join `color` on(`color`.`colorid` = `fabric_received`.`colorid`)) join `total_fabric_return` on(`total_fabric_return`.`fabricreceivedid` = `fabric_received`.`fabricreceivedid`)) join `jobno` on(`jobno`.`jobnoid` = `fabric_received`.`jobnoid`)) join `style` on(`style`.`styleid` = `fabric_received`.`styleid`)) join `border` on(`border`.`orderid` = `fabric_received`.`orderid`)) join `buyer` on(`buyer`.`buyerid` = `fabric_received`.`buyerid`)) join `fabric_part` on(`fabric_part`.`fabricpartid` = `fabric_received`.`fabricpartid`)) join `color_wise_fabric_part` on(`color_wise_fabric_part`.`colorid` = `fabric_received`.`colorid` and `fabric_part`.`fabricpartid` = `color_wise_fabric_part`.`fabricpartid`)) ;

-- --------------------------------------------------------

--
-- Structure for view `total_fabric_return_to_textile`
--
DROP TABLE IF EXISTS `total_fabric_return_to_textile`;

CREATE ALGORITHM=UNDEFINED DEFINER=`root`@`localhost` SQL SECURITY DEFINER VIEW `total_fabric_return_to_textile`  AS  select `fabric_return_to_textile`.`fabricreceivedid` AS `fabricreceivedid`,sum(`fabric_return_to_textile`.`texreturnamount`) AS `texreturnamount` from `fabric_return_to_textile` group by `fabric_return_to_textile`.`fabricreceivedid` ;

-- --------------------------------------------------------

--
-- Structure for view `total_fabric_return_to_textile1`
--
DROP TABLE IF EXISTS `total_fabric_return_to_textile1`;

CREATE ALGORITHM=UNDEFINED DEFINER=`root`@`localhost` SQL SECURITY DEFINER VIEW `total_fabric_return_to_textile1`  AS  select `buyer`.`buyername` AS `buyername`,`buyer`.`buyerid` AS `buyerid`,`jobno`.`jobno` AS `jobno`,`jobno`.`jobnoid` AS `jobnoid`,`style`.`stylename` AS `stylename`,`style`.`styleid` AS `styleid`,`border`.`ordername` AS `ordername`,`border`.`orderid` AS `orderid`,`color`.`colorcode` AS `colorcode`,`color`.`colorname` AS `colorname`,`color`.`colorid` AS `colorid`,`fabric_part`.`fabricpart` AS `fabricpart`,`fabric_part`.`fabricpartid` AS `fabricpartid`,`total_fabric_return_to_textile`.`texreturnamount` AS `texreturnamount` from ((((((((`fabric_received` join `color` on(`color`.`colorid` = `fabric_received`.`colorid`)) join `total_fabric_return_to_textile` on(`total_fabric_return_to_textile`.`fabricreceivedid` = `fabric_received`.`fabricreceivedid`)) join `jobno` on(`jobno`.`jobnoid` = `fabric_received`.`jobnoid`)) join `style` on(`style`.`styleid` = `fabric_received`.`styleid`)) join `border` on(`border`.`orderid` = `fabric_received`.`orderid`)) join `buyer` on(`buyer`.`buyerid` = `fabric_received`.`buyerid`)) join `fabric_part` on(`fabric_part`.`fabricpartid` = `fabric_received`.`fabricpartid`)) join `color_wise_fabric_part` on(`color_wise_fabric_part`.`colorid` = `fabric_received`.`colorid` and `fabric_part`.`fabricpartid` = `color_wise_fabric_part`.`fabricpartid`)) ;

-- --------------------------------------------------------

--
-- Structure for view `total_fab_delivery`
--
DROP TABLE IF EXISTS `total_fab_delivery`;

CREATE ALGORITHM=UNDEFINED DEFINER=`root`@`localhost` SQL SECURITY DEFINER VIEW `total_fab_delivery`  AS  select `fabric_delivery`.`fabricreceivedid` AS `fabricreceivedid`,sum(`fabric_delivery`.`deliveryamount`) AS `deliveryamount` from (`fabric_delivery` join `fabric_received` on(`fabric_received`.`fabricreceivedid` = `fabric_delivery`.`fabricreceivedid`)) group by `fabric_delivery`.`fabricreceivedid` ;

-- --------------------------------------------------------

--
-- Structure for view `total_fab_delivery_cutting`
--
DROP TABLE IF EXISTS `total_fab_delivery_cutting`;

CREATE ALGORITHM=UNDEFINED DEFINER=`root`@`localhost` SQL SECURITY DEFINER VIEW `total_fab_delivery_cutting`  AS  select `fabric_delivery`.`fabricreceivedid` AS `fabricreceivedid`,sum(`fabric_delivery`.`deliveryamount`) AS `cdeliveryamount` from (`fabric_delivery` join `fabric_received` on(`fabric_received`.`fabricreceivedid` = `fabric_delivery`.`fabricreceivedid`)) where `fabric_delivery`.`fabricdeliverytypeid` = '1' group by `fabric_delivery`.`fabricreceivedid` ;

-- --------------------------------------------------------

--
-- Structure for view `total_fab_delivery_sample`
--
DROP TABLE IF EXISTS `total_fab_delivery_sample`;

CREATE ALGORITHM=UNDEFINED DEFINER=`root`@`localhost` SQL SECURITY DEFINER VIEW `total_fab_delivery_sample`  AS  select `fabric_delivery`.`fabricreceivedid` AS `fabricreceivedid`,sum(`fabric_delivery`.`deliveryamount`) AS `sdeliveryamount` from (`fabric_delivery` join `fabric_received` on(`fabric_received`.`fabricreceivedid` = `fabric_delivery`.`fabricreceivedid`)) where `fabric_delivery`.`fabricdeliverytypeid` = '4' group by `fabric_delivery`.`fabricreceivedid` ;

-- --------------------------------------------------------

--
-- Structure for view `total_fab_delivery_tcutting`
--
DROP TABLE IF EXISTS `total_fab_delivery_tcutting`;

CREATE ALGORITHM=UNDEFINED DEFINER=`root`@`localhost` SQL SECURITY DEFINER VIEW `total_fab_delivery_tcutting`  AS  select `fabric_delivery`.`fabricreceivedid` AS `fabricreceivedid`,sum(`fabric_delivery`.`deliveryamount`) AS `tdeliveryamount` from (`fabric_delivery` join `fabric_received` on(`fabric_received`.`fabricreceivedid` = `fabric_delivery`.`fabricreceivedid`)) where `fabric_delivery`.`fabricdeliverytypeid` = '5' group by `fabric_delivery`.`fabricreceivedid` ;

-- --------------------------------------------------------

--
-- Structure for view `total_fab_order_transfer_receive`
--
DROP TABLE IF EXISTS `total_fab_order_transfer_receive`;

CREATE ALGORITHM=UNDEFINED DEFINER=`root`@`localhost` SQL SECURITY DEFINER VIEW `total_fab_order_transfer_receive`  AS  select sum(`fabric_received`.`tfqty`) AS `toreceive`,`fabric_received`.`fabricreceivedid` AS `fabricreceivedid` from `fabric_received` where `fabric_received`.`frtypestatus` = '3' group by `fabric_received`.`lotno` ;

-- --------------------------------------------------------

--
-- Structure for view `total_fab_received`
--
DROP TABLE IF EXISTS `total_fab_received`;

CREATE ALGORITHM=UNDEFINED DEFINER=`root`@`localhost` SQL SECURITY DEFINER VIEW `total_fab_received`  AS  select `fabric_received`.`fabricreceivedid` AS `fabricreceivedid`,`buyer`.`buyername` AS `buyername`,`buyer`.`buyerid` AS `buyerid`,`jobno`.`jobno` AS `jobno`,`jobno`.`jobnoid` AS `jobnoid`,`style`.`stylename` AS `stylename`,`style`.`styleid` AS `styleid`,`border`.`ordername` AS `ordername`,`border`.`orderid` AS `orderid`,`color`.`colorname` AS `colorname`,`color`.`colorid` AS `colorid`,`fabric_part`.`fabricpart` AS `fabricpart`,`fabric_part`.`fabricpartid` AS `fabricpartid`,`color_wise_fabric_part`.`bqty` AS `bqty`,`color_wise_fabric_part`.`bdia` AS `bdia`,`fabric_received`.`frqty` AS `frqty`,sum(`fabric_received`.`tfqty`) AS `tfqty`,`fabric_received`.`lotno` AS `lotno`,`rackno`.`rackno` AS `rackno`,`fabric_received`.`racknoid` AS `racknoid`,`fabric_received`.`frcdate` AS `frcdate` from (((((((((`fabric_received` join `color` on(`color`.`colorid` = `fabric_received`.`colorid`)) join `rackno` on(`rackno`.`racknoid` = `fabric_received`.`racknoid`)) join `border` on(`border`.`orderid` = `fabric_received`.`orderid`)) join `jobno` on(`jobno`.`jobnoid` = `fabric_received`.`jobnoid`)) join `style` on(`style`.`styleid` = `fabric_received`.`styleid`)) join `buyer` on(`buyer`.`buyerid` = `fabric_received`.`buyerid`)) join `fabric_part` on(`fabric_part`.`fabricpartid` = `fabric_received`.`fabricpartid`)) join `color_wise_fabric_part` on(`color_wise_fabric_part`.`colorid` = `color`.`colorid` and `fabric_part`.`fabricpartid` = `color_wise_fabric_part`.`fabricpartid`)) join `fabric_type` on(`fabric_type`.`fabrictypeid` = `color_wise_fabric_part`.`fabrictypeid`)) where `fabric_received`.`fabricreceivedstatus` = '1' group by `fabric_received`.`colorid`,`fabric_received`.`racknoid`,`fabric_received`.`orderid`,`fabric_received`.`jobnoid`,`fabric_received`.`styleid`,`fabric_received`.`buyerid`,`fabric_received`.`lotno`,`fabric_received`.`fabricpartid`,`fabric_received`.`fabricreceivedid` ;

--
-- Indexes for dumped tables
--

--
-- Indexes for table `booking_type`
--
ALTER TABLE `booking_type`
  ADD PRIMARY KEY (`bookingtypeid`);

--
-- Indexes for table `border`
--
ALTER TABLE `border`
  ADD PRIMARY KEY (`orderid`);

--
-- Indexes for table `buyer`
--
ALTER TABLE `buyer`
  ADD PRIMARY KEY (`buyerid`);

--
-- Indexes for table `challanm1_insert`
--
ALTER TABLE `challanm1_insert`
  ADD PRIMARY KEY (`chmid`) USING BTREE,
  ADD KEY `chmid` (`chmid`);

--
-- Indexes for table `challanm2_insert`
--
ALTER TABLE `challanm2_insert`
  ADD PRIMARY KEY (`chmid2`) USING BTREE,
  ADD KEY `chmid1` (`chmid1`);

--
-- Indexes for table `challan_type`
--
ALTER TABLE `challan_type`
  ADD PRIMARY KEY (`ctid`);

--
-- Indexes for table `color`
--
ALTER TABLE `color`
  ADD PRIMARY KEY (`colorid`);

--
-- Indexes for table `color_wise_fabric_part`
--
ALTER TABLE `color_wise_fabric_part`
  ADD PRIMARY KEY (`cwfpid`) USING BTREE;

--
-- Indexes for table `department`
--
ALTER TABLE `department`
  ADD PRIMARY KEY (`deptid`) USING BTREE;

--
-- Indexes for table `designation`
--
ALTER TABLE `designation`
  ADD PRIMARY KEY (`desigid`) USING BTREE;

--
-- Indexes for table `fabric_delivery`
--
ALTER TABLE `fabric_delivery`
  ADD PRIMARY KEY (`fabricdeliveryid`);

--
-- Indexes for table `fabric_delivery_type`
--
ALTER TABLE `fabric_delivery_type`
  ADD PRIMARY KEY (`fabricideliverytypeid`) USING BTREE;

--
-- Indexes for table `fabric_order_transfer`
--
ALTER TABLE `fabric_order_transfer`
  ADD PRIMARY KEY (`fabricordertranferid`) USING BTREE;

--
-- Indexes for table `fabric_part`
--
ALTER TABLE `fabric_part`
  ADD PRIMARY KEY (`fabricpartid`) USING BTREE;

--
-- Indexes for table `fabric_rack_transfer`
--
ALTER TABLE `fabric_rack_transfer`
  ADD PRIMARY KEY (`fabricracktransferid`);

--
-- Indexes for table `fabric_received`
--
ALTER TABLE `fabric_received`
  ADD PRIMARY KEY (`fabricreceivedid`);

--
-- Indexes for table `fabric_received_log`
--
ALTER TABLE `fabric_received_log`
  ADD PRIMARY KEY (`fabricreceivedid`) USING BTREE;

--
-- Indexes for table `fabric_received_update_log`
--
ALTER TABLE `fabric_received_update_log`
  ADD PRIMARY KEY (`frulid`) USING BTREE;

--
-- Indexes for table `fabric_return`
--
ALTER TABLE `fabric_return`
  ADD PRIMARY KEY (`fabricreturnid`) USING BTREE;

--
-- Indexes for table `fabric_return_to_textile`
--
ALTER TABLE `fabric_return_to_textile`
  ADD PRIMARY KEY (`fabrictexreturnid`) USING BTREE;

--
-- Indexes for table `fabric_return_type`
--
ALTER TABLE `fabric_return_type`
  ADD PRIMARY KEY (`freturntypeid`) USING BTREE;

--
-- Indexes for table `fabric_type`
--
ALTER TABLE `fabric_type`
  ADD PRIMARY KEY (`fabrictypeid`);

--
-- Indexes for table `factory`
--
ALTER TABLE `factory`
  ADD PRIMARY KEY (`factoryid`) USING BTREE;

--
-- Indexes for table `garments_part`
--
ALTER TABLE `garments_part`
  ADD PRIMARY KEY (`gpid`);

--
-- Indexes for table `gsize`
--
ALTER TABLE `gsize`
  ADD PRIMARY KEY (`sizeid`);

--
-- Indexes for table `jobno`
--
ALTER TABLE `jobno`
  ADD PRIMARY KEY (`jobnoid`);

--
-- Indexes for table `non_po_challanm1_insert`
--
ALTER TABLE `non_po_challanm1_insert`
  ADD PRIMARY KEY (`npochmid`) USING BTREE,
  ADD KEY `chmid` (`npochmid`) USING BTREE;

--
-- Indexes for table `non_po_challanm2_insert`
--
ALTER TABLE `non_po_challanm2_insert`
  ADD PRIMARY KEY (`npochmid2`) USING BTREE,
  ADD KEY `chmid1` (`npochmid1`) USING BTREE;

--
-- Indexes for table `non_po_product_category`
--
ALTER TABLE `non_po_product_category`
  ADD PRIMARY KEY (`nppcid`);

--
-- Indexes for table `production_type`
--
ALTER TABLE `production_type`
  ADD PRIMARY KEY (`ptid`);

--
-- Indexes for table `product_uom_insert`
--
ALTER TABLE `product_uom_insert`
  ADD PRIMARY KEY (`puomid`);

--
-- Indexes for table `rackno`
--
ALTER TABLE `rackno`
  ADD PRIMARY KEY (`racknoid`);

--
-- Indexes for table `style`
--
ALTER TABLE `style`
  ADD PRIMARY KEY (`styleid`) USING BTREE;

--
-- Indexes for table `supplier`
--
ALTER TABLE `supplier`
  ADD PRIMARY KEY (`supplierid`) USING BTREE;

--
-- Indexes for table `supplier_type`
--
ALTER TABLE `supplier_type`
  ADD PRIMARY KEY (`stiid`) USING BTREE;

--
-- Indexes for table `user`
--
ALTER TABLE `user`
  ADD PRIMARY KEY (`userid`) USING BTREE;

--
-- Indexes for table `userstatus`
--
ALTER TABLE `userstatus`
  ADD PRIMARY KEY (`userstatusid`) USING BTREE;

--
-- Indexes for table `usertype`
--
ALTER TABLE `usertype`
  ADD PRIMARY KEY (`usertypeid`) USING BTREE;

--
-- AUTO_INCREMENT for dumped tables
--

--
-- AUTO_INCREMENT for table `challan_type`
--
ALTER TABLE `challan_type`
  MODIFY `ctid` int(11) NOT NULL AUTO_INCREMENT, AUTO_INCREMENT=4;

--
-- AUTO_INCREMENT for table `department`
--
ALTER TABLE `department`
  MODIFY `deptid` int(11) NOT NULL AUTO_INCREMENT, AUTO_INCREMENT=10;

--
-- AUTO_INCREMENT for table `designation`
--
ALTER TABLE `designation`
  MODIFY `desigid` int(11) NOT NULL AUTO_INCREMENT, AUTO_INCREMENT=5;

--
-- AUTO_INCREMENT for table `fabric_delivery_type`
--
ALTER TABLE `fabric_delivery_type`
  MODIFY `fabricideliverytypeid` int(11) NOT NULL AUTO_INCREMENT, AUTO_INCREMENT=6;

--
-- AUTO_INCREMENT for table `fabric_part`
--
ALTER TABLE `fabric_part`
  MODIFY `fabricpartid` int(11) NOT NULL AUTO_INCREMENT, AUTO_INCREMENT=11;

--
-- AUTO_INCREMENT for table `fabric_type`
--
ALTER TABLE `fabric_type`
  MODIFY `fabrictypeid` int(11) NOT NULL AUTO_INCREMENT, AUTO_INCREMENT=75;

--
-- AUTO_INCREMENT for table `garments_part`
--
ALTER TABLE `garments_part`
  MODIFY `gpid` int(11) NOT NULL AUTO_INCREMENT, AUTO_INCREMENT=9;

--
-- AUTO_INCREMENT for table `non_po_product_category`
--
ALTER TABLE `non_po_product_category`
  MODIFY `nppcid` int(11) NOT NULL AUTO_INCREMENT, AUTO_INCREMENT=3;

--
-- AUTO_INCREMENT for table `production_type`
--
ALTER TABLE `production_type`
  MODIFY `ptid` int(11) NOT NULL AUTO_INCREMENT, AUTO_INCREMENT=4;

--
-- AUTO_INCREMENT for table `product_uom_insert`
--
ALTER TABLE `product_uom_insert`
  MODIFY `puomid` int(11) NOT NULL AUTO_INCREMENT, AUTO_INCREMENT=4;

--
-- AUTO_INCREMENT for table `userstatus`
--
ALTER TABLE `userstatus`
  MODIFY `userstatusid` int(11) NOT NULL AUTO_INCREMENT, AUTO_INCREMENT=2;

--
-- AUTO_INCREMENT for table `usertype`
--
ALTER TABLE `usertype`
  MODIFY `usertypeid` int(11) NOT NULL AUTO_INCREMENT, AUTO_INCREMENT=4;
COMMIT;

/*!40101 SET CHARACTER_SET_CLIENT=@OLD_CHARACTER_SET_CLIENT */;
/*!40101 SET CHARACTER_SET_RESULTS=@OLD_CHARACTER_SET_RESULTS */;
/*!40101 SET COLLATION_CONNECTION=@OLD_COLLATION_CONNECTION */;
